1,"谷商会","自転車","〒630-8114　奈良県奈良市芝辻町2-11-21",630-8114,奈良市芝辻町2-11-21,135.813538,34.686001
2,"ちゃぁしゅうや亀王東九条店","飲食店","〒630-8144　奈良県奈良市東九条町1506-1",630-8144,奈良市東九条町1506-1,135.818314,34.665737
3,"焼肉　絆","飲食店","〒630-8373　奈良県奈良市南市町４番地植畑ビル1F",630-8373,奈良市南市町4番地,135.829758,34.680672
4,"りん鍼灸按摩院","接骨院,整骨院,マッサージ","〒631-0842　奈良県奈良市菅原町261-1",631-0842,奈良市菅原町261-1,135.777481,34.687275
5,"patisserie N,atsuhiro","飲食店","〒630-8013　奈良県奈良市三条大路5丁目1-25",630-8013,奈良市三条大路5丁目1-25,135.788757,34.683475
6,"さくらバーガー","飲食店","〒630-8214　奈良県奈良市東向北町6",630-8214,奈良市東向北町6,135.828690,34.684891
7,"マキ治療院","接骨院,整骨院,マッサージ","〒631-0004　奈良県奈良市登美ケ丘4-6-2",631-0004,奈良市登美ケ丘4-6-2,135.751602,34.714985
8,"R's hair","理美容,エステサロン","〒630-8002　奈良県奈良市二条町1-1-7森山マンション1F",630-8002,奈良市二条町1-1-7,135.786255,34.694592
9,"ミスタードーナツ奈良東ショップ","飲食店","〒630-8215　奈良県奈良市東向中町19番地",630-8215,奈良市東向中町19番地,135.828506,34.683777
10,"大和野菜イタリアン　ナチュラ","飲食店","〒631-0036　奈良県奈良市学園北1-14-5モンテクール学園前",631-0036,奈良市学園北1-14-5,135.750092,34.699654
11,"ミスタードーナツ学園前ショップ","飲食店","〒631-0036　奈良県奈良市学園北１丁目１ー１ー１０１",631-0036,奈良市学園北1丁目1-1-101,135.750168,34.697693
12,"ミスタードーナツイオンタウン大安寺ショップ","飲食店","〒630-8141　奈良県奈良市南京終町1-128-1",630-8141,奈良市南京終町1-128-1,135.820648,34.670895
13,"笑来酒屋　月下美人　西大寺店","飲食店","〒631-0827　奈良県奈良市西大寺小坊町1ー5日吉ビル　2F・3F",631-0827,奈良市西大寺小坊町1-5,135.781097,34.694115
14,"お食事・喫茶処　あぜくらや","飲食店","〒630-8211　奈良県奈良市雑司町407",630-8211,奈良市雑司町407,135.850250,34.688213
15,"シューズ愛ランド奈良柏木店","衣服,ベビー・子供用品,手芸用品,靴,身の回り品","〒630-8031　奈良県奈良市柏木町581-1",630-8031,奈良市柏木町581-1,135.799469,34.676598
16,"ホテルニューわかさ","その他","〒630-8274　奈良県奈良市北半田東町１番地",630-8274,奈良市北半田東町1番地,135.833649,34.687962
17,"和鹿彩　別邸","その他","〒630-8274　奈良県奈良市北半田東町１番地",630-8274,奈良市北半田東町1番地,135.833649,34.687962
18,"春日","飲食店","〒630-8357　奈良県奈良市杉ケ町28の1",630-8357,奈良市杉ケ町28の1,135.821106,34.677837
19,"うどん職人和製麺所","飲食店","〒630-8113　奈良県奈良市法蓮町632-2一條館１階",630-8113,奈良市法蓮町632-2,135.815155,34.692028
20,"こまつ","衣服,ベビー・子供用品,手芸用品,靴,身の回り品","〒630-8226　奈良県奈良市小西町8-2",630-8226,奈良市小西町8-2,135.827957,34.683456
21,"のみくいや　楽鳥","飲食店","〒631-0078　奈良県奈良市富雄元町三丁目3-12-102エクセレント河",631-0078,奈良市富雄元町三丁目3-12-102,135.732254,34.692440
22,"花工房Kayama MiNara店","その他","〒630-6308　奈良県奈良市二条大路南1丁目3-1MiNara",630-6308,奈良市二条大路南1丁目3-1,135.802902,34.684502
23,"楽素　gasso","飲食店","〒631-0065　奈良県奈良市鳥見町1-1-4広徳マンション1Ｆ",631-0065,奈良市鳥見町1-1-4,135.731140,34.691589
24,"サンシャインギター","楽器","〒631-0078　奈良県奈良市富雄元町2丁目6-47",631-0078,奈良市富雄元町2丁目6-47,135.735489,34.692871
25,"吉田薬店","薬,化粧品,調剤薬局,ドラッグストア","〒631-0816　奈良県奈良市西大寺本町1-17",631-0816,奈良市西大寺本町1-17,135.781509,34.694759
26,"Flamingo","飲食店","〒630-8241　奈良県奈良市高天町38-7",630-8241,奈良市高天町38-7,135.825607,34.684013
27,"かき小屋フィーバー奈良三条通り店","飲食店","〒630-8236　奈良県奈良市下三条町2-1Siro三条2F",630-8236,奈良市下三条町2-1,135.824265,34.681480
28,"和　あすか","飲食店","〒631-0078　奈良県奈良市富雄元町4丁目３－１５－２",631-0078,奈良市富雄元町4丁目3-15-2,135.733704,34.692291
29,"ごはんカフェにこちゃん堂","飲食店","〒630-8343　奈良県奈良市椿井町45",630-8343,奈良市椿井町45,135.828125,34.681065
30,"串屋 近鉄奈良駅前本店","飲食店","〒630-8214　奈良県奈良市東向北町30-2奈良市商店街振興会ビル",630-8214,奈良市東向北町30-2,135.828949,34.685017
31,"moothi","理美容,エステサロン","〒631-0806　奈良県奈良市朱雀3丁目6-13",631-0806,奈良市朱雀3丁目6-13,135.793823,34.721684
32,"赤膚焼　大塩正史陶房","衣服,ベビー・子供用品,手芸用品,靴,身の回り品お土産物,玩具,雑貨","〒630-8241　奈良県奈良市高天町38-7",630-8241,奈良市高天町38-7,135.825607,34.684013
33,"リストランテ　ボルゴ・コニシ","飲食店","〒630-8226　奈良県奈良市小西町24番地フラッツ小西2F",630-8226,奈良市小西町24番地,135.827133,34.683064
34,"(株）マツヤデンキ　イズミヤ学園前店","家電,カメラ,携帯電話,電気工事","〒631-0035　奈良県奈良市学園中４丁目539-1イズミヤ学園前店２階",631-0035,奈良市学園中4丁目539-1,135.742493,34.695408
35,"千壽庵吉宗 奈良総本店","百貨店,ショッピングモール,食品,飲料等","〒630-8273　奈良県奈良市押上町39-1",630-8273,奈良市押上町39-1,135.834396,34.688545
36,"ONECAFE！","飲食店","〒630-8121　奈良県奈良市三条宮前町７－１なら100年会館",630-8121,奈良市三条宮前町7-1,135.816605,34.680393
37,"ワインショップ　サン・ヴァンサン","百貨店,ショッピングモール,食品,飲料等","〒631-0016　奈良県奈良市学園朝日町2-2米田ビル1階",631-0016,奈良市学園朝日町2-2,135.751144,34.700504
38,"千壽庵吉宗 押熊店","百貨店,ショッピングモール,食品,飲料等","〒631-0011　奈良県奈良市押熊町942-1",631-0011,奈良市押熊町942-1,135.772781,34.720112
39,"ヘアーサロン　ヨシダ","理美容,エステサロン","〒631-0827　奈良県奈良市西大寺小坊町9-2",631-0827,奈良市西大寺小坊町9-2,135.779037,34.695698
40,"タナカ美粧園","理美容,エステサロン","〒630-8393　奈良県奈良市鶴福院町21番地",630-8393,奈良市鶴福院町21番地,135.832092,34.678814
41,"旬の駅　ならやま本店","百貨店,ショッピングモール,食品,飲料等","〒630-8104　奈良県奈良市奈良阪町２６２６－２",630-8104,奈良市奈良阪町2626-2,135.825027,34.707153
42,"スーパーヤオヒコ富雄店","百貨店,ショッピングモール,食品,飲料等","〒631-0078　奈良県奈良市富雄元町２丁目6-28",631-0078,奈良市富雄元町2丁目6-28,135.734573,34.692379
43,"焼肉あやめ","飲食店","〒631-0033　奈良県奈良市あやめ池南1-3-11",631-0033,奈良市あやめ池南1-3-11,135.761169,34.697212
44,"千壽庵吉宗 近鉄奈良駅店","百貨店,ショッピングモール,食品,飲料等","〒630-8215　奈良県奈良市東向中町29番地近鉄奈良駅改札外 タイムズプレイス東西通路",630-8215,奈良市東向中町29番地,135.828827,34.683727
45,"炭火焼肉とみや学園前本店","飲食店","〒631-0036　奈良県奈良市学園北2-5-9",631-0036,奈良市学園北2-5-9,135.752396,34.699562
46,"菓子35山","飲食店","〒631-0815　奈良県奈良市西大寺新町１丁目2-17杜第２ビル1-C",631-0815,奈良市西大寺新町1丁目2-17,135.782089,34.696701
47,"寧楽のタイ古式マッサージ 慕古","その他","〒630-8202　奈良県奈良市川上町579-8",630-8202,奈良市川上町579-8,135.833435,34.693996
48,"炭火焼肉とみや登美ヶ丘店","飲食店","〒631-0006　奈良県奈良市西登美ケ丘1-4-15",631-0006,奈良市西登美ケ丘1-4-15,135.745438,34.713520
49,"千壽茶寮 奈良総本店","飲食店","〒630-8273　奈良県奈良市押上町39-1千壽庵吉宗奈良総本店内",630-8273,奈良市押上町39-1,135.834396,34.688545
50,"うまいもん鬼太郎","飲食店","〒630-8305　奈良県奈良市東紀寺町2丁目1の10",630-8305,奈良市東紀寺町2丁目1の10,135.838898,34.673763
51,"cafeterrace kikinomori","飲食店","〒630-8122　奈良県奈良市三条本町5-9",630-8122,奈良市三条本町5-9,135.819351,34.678875
52,"炭火焼肉とみや高の原店","飲食店","〒631-0805　奈良県奈良市右京1-4サンタウンプラザひまわり館1階",631-0805,奈良市右京1-4,135.789932,34.722923
53,"幡INOUE夢風ひろば東大寺店","飲食店コンビニエンスストア,日用品衣服,ベビー・子供用品,手芸用品,靴,身の回り品お土産物,玩具,雑貨","〒630-8212　奈良県奈良市春日野町１６",630-8212,奈良市春日野町16,135.839111,34.684177
54,"べっぴん奈良漬","百貨店,ショッピングモール,食品,飲料等お土産物,玩具,雑貨","〒631-0044　奈良県奈良市藤ノ木台１丁目2-17",631-0044,奈良市藤ノ木台1丁目2-17,135.756546,34.680492
55,"Alcyone","飲食店","〒631-0021　奈良県奈良市鶴舞東町2-26サンクレインビル1F",631-0021,奈良市鶴舞東町2-26,135.752701,34.708893
56,"板前焼肉　一","飲食店","〒631-0004　奈良県奈良市登美ケ丘2-3-13",631-0004,奈良市登美ケ丘2-3-13,135.750198,34.713505
57,"重乃井奈良店","飲食店","〒630-8357　奈良県奈良市杉ケ町17ー1",630-8357,奈良市杉ケ町17-1,135.821106,34.677837
58,"セブン―イレブン奈良針インター店","コンビニエンスストア,日用品","〒632-0221　奈良県奈良市都祁白石町1261番",632-0221,奈良市都祁白石町1261番,135.966248,34.600063
59,"板前焼肉　心","飲食店","〒630-8013　奈良県奈良市三条大路2-2-22",630-8013,奈良市三条大路2-2-22,135.799255,34.681911
60,"幡・INOUEタイムズプレイス西大寺店","飲食店コンビニエンスストア,日用品衣服,ベビー・子供用品,手芸用品,靴,身の回り品お土産物,玩具,雑貨","〒630-0823　奈良県奈良市西大寺国見町１－１－１",630-0823,奈良市西大寺国見町1-1-1,135.782928,34.693844
61,"読売旅行　奈良営業所","タクシー,宿泊業,旅行業","〒630-8241　奈良県奈良市高天町18",630-8241,奈良市高天町18,135.825714,34.684578
62,"大起水産回転寿司奈良店","飲食店","〒630-8031　奈良県奈良市柏木町527-5",630-8031,奈良市柏木町527-5,135.799667,34.673119
63,"高の原ばーるKaeru Kouen","飲食店","〒631-0805　奈良県奈良市右京1丁目3番地の1平城第2ショッピングセンター3-101",631-0805,奈良市右京1丁目3番地の1,135.789246,34.722092
64,"大起水産回転寿司奈良学園前店","飲食店","〒631-0003　奈良県奈良市中登美ケ丘6-7-7ナコープラザ内",631-0003,奈良市中登美ケ丘6-7-7,135.751266,34.723072
65,"WAY書店　TSUTAYA 奈良押熊店","本,文具CD・DVDレンタル,ゲーム販売","〒631-0011　奈良県奈良市押熊町1519-1",631-0011,奈良市押熊町1519-1,135.766693,34.721378
66,"啓林堂書店　新大宮店","本,文具CD・DVDレンタル,ゲーム販売","〒630-8115　奈良県奈良市大宮町６丁目１－１",630-8115,奈良市大宮町6丁目1-1,135.811615,34.684639
67,"鉄板焼お好み焼　梅乃家","飲食店","〒630-8113　奈良県奈良市法連町1293",630-8113,奈良市法連町1293,135.805634,34.695068
68,"中川政七商店　奈良本店","衣服,ベビー・子供用品,手芸用品,靴,身の回り品本,文具CD・DVDレンタル,ゲーム販売お土産物,玩具,雑貨","〒630-8221　奈良県奈良市元林院町22番地鹿猿狐ビルヂング",630-8221,奈良市元林院町22番地,135.829636,34.681026
69,"和洋ばるPon'sKitchen","飲食店","〒630-8001　奈良県奈良市法華寺町２３７ー１石原マンション１０２号",630-8001,奈良市法華寺町237-1,135.808319,34.687580
70,"ラ・ボンヌ・サブール","飲食店百貨店,ショッピングモール,食品,飲料等","〒630-0041　奈良県奈良市学園大和町4-7",630-0041,奈良市学園大和町4-7,135.745346,34.687298
71,"大起水産　街のみなと食堂　奈良店","飲食店","〒630-8031　奈良県奈良市柏木町527-5",630-8031,奈良市柏木町527-5,135.799667,34.673119
72,"啓林堂書店　奈良店","本,文具CD・DVDレンタル,ゲーム販売","〒630-8225　奈良県奈良市西御門町１－１",630-8225,奈良市西御門町1-1,135.827850,34.683983
73,"ならBonbon","お土産物,玩具,雑貨","〒630-8217　奈良県奈良市橋本町3-1BONCHI 1F",630-8217,奈良市橋本町3-1,135.829239,34.681725
74,"ひより総本店","お土産物,玩具,雑貨","〒630-8217　奈良県奈良市橋本町28番地",630-8217,奈良市橋本町28番地,135.828613,34.681683
75,"啓林堂書店　学園前店","本,文具CD・DVDレンタル,ゲーム販売","〒631-0036　奈良県奈良市学園北１－９－１パラディ学園前３Ｆ",631-0036,奈良市学園北1-9-1,135.750946,34.697975
76,"大起水産　街のみなと　奈良店","百貨店,ショッピングモール,食品,飲料等","〒630-8031　奈良県奈良市柏木町527-5",630-8031,奈良市柏木町527-5,135.799667,34.673119
77,"ひよりJR奈良店","お土産物,玩具,雑貨","〒630-8122　奈良県奈良市三条本町1-1ビエラ奈良2F",630-8122,奈良市三条本町1-1,135.817139,34.677574
78,"ジュンク堂書店　奈良店","本,文具CD・DVDレンタル,ゲーム販売","〒631-0821　奈良県奈良市西大寺東町２－４－１ならファミリー４Ｆ",631-0821,奈良市西大寺東町2-4-1,135.785141,34.695045
79,"大阪王将　奈良学園前店","飲食店","〒631-0052　奈良県奈良市中町196",631-0052,奈良市中町196,135.747681,34.673046
80,"インド料理SINGH","飲食店","〒630-8252　奈良県奈良市北小路町1-11",630-8252,奈良市北小路町1-11,135.826492,34.687260
81,"シルキア奈良","飲食店百貨店,ショッピングモール,食品,飲料等理美容,エステサロン","〒630-8122　奈良県奈良市三条本町８番１号ホテル日航奈良1・2階（シルキア奈良）",630-8122,奈良市三条本町8番1号,135.818359,34.681572
82,"服部タクシー","タクシー,宿泊業,旅行業","〒630-8451　奈良県奈良市北之庄町７２３－１１",630-8451,奈良市北之庄町723-11,135.814911,34.651417
83,"すし剣客","飲食店","〒631-0074　奈良県奈良市三松１丁目3-18-1",631-0074,奈良市三松1丁目3-18-1,135.731781,34.697784
84,"KURUKURU","衣服,ベビー・子供用品,手芸用品,靴,身の回り品","〒631-0036　奈良県奈良市学園北1-11-15学園前ビル１階",631-0036,奈良市学園北1-11-15,135.750839,34.699284
85,"タケダドラッグ新大宮店","薬,化粧品,調剤薬局,ドラッグストア","〒630-8115　奈良県奈良市大宮町1丁目５－２コーポ平和",630-8115,奈良市大宮町1丁目5-2,135.818726,34.683254
86,"森奈良漬店","百貨店,ショッピングモール,食品,飲料等","〒630-8212　奈良県奈良市春日野町23",630-8212,奈良市春日野町23,135.839111,34.684177
87,"チャイナダイニング　飛天","飲食店","〒630-8216　奈良県奈良市東向南町26",630-8216,奈良市東向南町26,135.828491,34.682625
88,"京中華　飛天散華","飲食店","〒630-8013　奈良県奈良市三条大路1-1-47",630-8013,奈良市三条大路1-1-47,135.803604,34.681923
89,"総本店柿寿賀","百貨店,ショッピングモール,食品,飲料等お土産物,玩具,雑貨","〒630-8301　奈良県奈良市高畑町1119",630-8301,奈良市高畑町1119,135.832550,34.681110
90,"ココス都跡店","飲食店","〒630-8014　奈良県奈良市四条大路５丁目１－４９",630-8014,奈良市四条大路5丁目1-49,135.789612,34.681236
91,"つけ麺・らーめん　元喜神","飲食店","〒630-8216　奈良県奈良市東向南町26",630-8216,奈良市東向南町26,135.828491,34.682625
92,"U's kitchen","飲食店","〒630-8266　奈良県奈良市花芝町7",630-8266,奈良市花芝町7,135.828766,34.686535
93,"食π木子梨&茶π木子梨","飲食店","〒630-8217　奈良県奈良市橋本町35",630-8217,奈良市橋本町35,135.828613,34.681683
94,"ココス奈良鴻ノ池店","飲食店","〒630-8108　奈良県奈良市法蓮佐保山３丁目２－１４",630-8108,奈良市法蓮佐保山3丁目2-14,135.828323,34.699661
95,"BarBerSalon AXE","理美容,エステサロン","〒630-8252　奈良県奈良市北小路町4-14",630-8252,奈良市北小路町4-14,135.825714,34.687668
96,"ココス大安寺店","飲食店","〒630-8145　奈良県奈良市八条４丁目６３９－１",630-8145,奈良市八条4丁目639-1,135.804886,34.668819
97,"伝五郎西ノ京店","飲食店","〒630-8042　奈良県奈良市西ノ京町１３７－１",630-8042,奈良市西ノ京町137-1,135.789383,34.666756
98,"上新電機（株）登美ヶ丘イオンモール店","家電,カメラ,携帯電話,電気工事","〒630-0115　奈良県生駒市鹿畑町3027イオンモール奈良登美ヶ丘３Ｆ",630-0115,生駒市鹿畑町3027,135.750748,34.725803
99,"奈良近鉄タクシー株式会社","タクシー,宿泊業,旅行業","〒630-8133　奈良県奈良市大安寺1丁目3番3号",630-8133,奈良市大安寺1丁目3番3号,135.817154,34.669533
100,"かつや奈良尼辻店","飲食店","〒630-8021　奈良県奈良市尼辻町乙４３１－３",630-8021,奈良市尼辻町乙431-3,135.801132,34.677643
101,"酒肆　華","飲食店","〒630-8217　奈良県奈良市橋本町1番地なら町長屋",630-8217,奈良市橋本町1番地,135.829239,34.681725
102,"ならじろう","飲食店","〒630-8001　奈良県奈良市法華寺町237-1石原マンション103",630-8001,奈良市法華寺町237-1,135.808319,34.687580
103,"田舎料理 畔","飲食店","〒630-8202　奈良県奈良市川上町92",630-8202,奈良市川上町92,135.844284,34.698227
104,"お好み焼きMOROJUKU","飲食店","〒630-8104　奈良県奈良市奈良阪町1133-1豊光第三ビル103号",630-8104,奈良市奈良阪町1133-1,135.829285,34.706356
105,"吉田蚊帳","お土産物,玩具,雑貨","〒630-8384　奈良県奈良市芝新屋町１",630-8384,奈良市芝新屋町1,135.831177,34.676750
106,"得得うどん　三条添川店","飲食店","〒630-8127　奈良県奈良市三条添川町5-28",630-8127,奈良市三条添川町5-28,135.809982,34.681877
107,"帽子屋サンレビー","衣服,ベビー・子供用品,手芸用品,靴,身の回り品お土産物,玩具,雑貨スポーツ用品,釣り具","〒630-8225　奈良県奈良市西御門町28番地北川ビル1F",630-8225,奈良市西御門町28番地,135.827209,34.684177
108,"ベビーフェイス押熊店","飲食店","〒631-0804　奈良県奈良市神功５-1-2",631-0804,奈良市神功5-1-2,135.773132,34.720646
109,"洋菓子のバイカル　学園前店","百貨店,ショッピングモール,食品,飲料等","〒631-0036　奈良県奈良市学園北１丁目１４－８",631-0036,奈良市学園北1丁目14-8,135.750015,34.699978
110,"bister","飲食店","〒631-0021　奈良県奈良市鶴舞東町2-26",631-0021,奈良市鶴舞東町2-26,135.752701,34.708893
111,"ぬかた接骨院","その他","〒631-0078　奈良県奈良市富雄元町2丁目3-13矢部ビル101",631-0078,奈良市富雄元町2丁目3-13,135.734650,34.693157
112,"和 やまむら","飲食店","〒630-8114　奈良県奈良市芝辻町2丁目11-15-105",630-8114,奈良市芝辻町2丁目11-15-105,135.812912,34.686001
113,"そう吾","飲食店","〒631-0078　奈良県奈良市富雄元町２丁目5-20トミオプラザ",631-0078,奈良市富雄元町2丁目5-20,135.735260,34.693104
114,"COUTURIER","メガネ,時計,貴金属,コンタクトレンズ","〒630-8224　奈良県奈良市角振町２４－１秋元ビル１F",630-8224,奈良市角振町24-1,135.827164,34.682289
115,"まつだ鍼灸整骨院","接骨院,整骨院,マッサージ","〒631-0006　奈良県奈良市西登美ケ丘3-18-8",631-0006,奈良市西登美ケ丘3-18-8,135.740860,34.715149
116,"縮毛矯正専門店　ガロ","理美容,エステサロン","〒631-0013　奈良県奈良市中山町西4-535-489コーポ学園前103号",631-0013,奈良市中山町西4-535-489,135.756973,34.710026
117,"イタリア料理　イル・ベーネ","飲食店","〒630-8108　奈良県奈良市法蓮佐保山3丁目2ノ16",630-8108,奈良市法蓮佐保山3丁目2ノ16,135.828690,34.700405
118,"キッシュ専門店　レカーセ","飲食店","〒630-8212　奈良県奈良市春日野町158",630-8212,奈良市春日野町158,135.846161,34.684265
119,"feel","理美容,エステサロン","〒630-8228　奈良県奈良市上三条町12-1三条ミドービル３Ｆ",630-8228,奈良市上三条町12-1,135.825638,34.681725
120,"香粋一","飲食店","〒630-8115　奈良県奈良市大宮町6丁目2-17千曲ビル1F",630-8115,奈良市大宮町6丁目2-17,135.810394,34.684631
121,"平城京　肆","お土産物,玩具,雑貨","〒630-8012　奈良県奈良市二条大路南4-6-1平城宮跡歴史公園　みつき館内",630-8012,奈良市二条大路南4-6-1,135.793076,34.686478
122,"tokijiku kitchen 平城京","飲食店","〒630-8012　奈良県奈良市二条大路南4-6-1平城宮跡歴史公園　うまし館内",630-8012,奈良市二条大路南4-6-1,135.793076,34.686478
123,"IRACA　COFFEE","飲食店","〒630-8012　奈良県奈良市二条大路南4-6-1平城宮跡歴史公園　うまし館内",630-8012,奈良市二条大路南4-6-1,135.793076,34.686478
124,"リストランテ　ラ・カーサミーア","飲食店","〒631-0071　奈良県奈良市二名平野1-1699-1",631-0071,奈良市二名平野1-1699-1,135.731491,34.712906
125,"島村楽器ミ・ナーラ奈良店","楽器","〒630-8012　奈良県奈良市二条大路南1-3-1ミ・ナーラ4F",630-8012,奈良市二条大路南1-3-1,135.802902,34.684502
126,"とみお整骨院","接骨院,整骨院,マッサージ","〒631-0078　奈良県奈良市富雄元町2丁目6番36号平井ビル103号",631-0078,奈良市富雄元町2丁目6番36号,135.734634,34.692997
127,"ならまちバルNo7","飲食店","〒630-8372　奈良県奈良市西寺林町6-2,B",630-8372,奈良市西寺林町6-2,B,135.829803,34.679474
128,"中谷自動車　くるまばんきん.com","自動車,バイク,タイヤ修理,車検","〒631-0011　奈良県奈良市押熊町1553-1",631-0011,奈良市押熊町1553-1,135.765869,34.718105
129,"地場料理とおいしいお酒　KURA","飲食店","〒630-8244　奈良県奈良市三条町４８２ー１",630-8244,奈良市三条町482-1,135.822098,34.682129
130,"プロスポーツショップNEXTSTAGE","スポーツ用品,釣り具","〒631-0844　奈良県奈良市宝来町927-2",631-0844,奈良市宝来町927-2,135.773560,34.684963
131,"北新地はらみ　新大宮店","飲食店","〒630-8115　奈良県奈良市大宮町6-6-1アルファコート1階-6",630-8115,奈良市大宮町6-6-1,135.808502,34.685246
132,"奈良パークホテル","飲食店タクシー,宿泊業,旅行業","〒631-0845　奈良県奈良市宝来4-18-1",631-0845,奈良市宝来4-18-1,135.769882,34.684158
133,"隠れ家サロン「三五夜」","お土産物,玩具,雑貨その他","〒630-8244　奈良県奈良市三条町529-2",630-8244,奈良市三条町529-2,135.821198,34.681595
134,"おふくろ","飲食店","〒630-8044　奈良県奈良市六条西4-1-30",630-8044,奈良市六条西4-1-30,135.771774,34.667732
135,"猿沢商店街　ふじや","お土産物,玩具,雑貨","〒630-8217　奈良県奈良市橋本町5",630-8217,奈良市橋本町5,135.829239,34.681725
136,"赤膚焼窯元　大塩昭山","その他","〒631-0052　奈良県奈良市中町4953",631-0052,奈良市中町4953,135.760345,34.674339
137,"菜宴","飲食店","〒630-8226　奈良県奈良市小西町19マリアテラスビル2階",630-8226,奈良市小西町19,135.827957,34.683456
138,"食パンの店フリブール","百貨店,ショッピングモール,食品,飲料等","〒631-0806　奈良県奈良市朱雀6-20-8",631-0806,奈良市朱雀6-20-8,135.800430,34.713772
139,"大和酒彩　しゅん坊","飲食店","〒630-8227　奈良県奈良市林小路町16-1伝宝ビル１F",630-8227,奈良市林小路町16-1,135.826370,34.682892
140,"鉄板・炭焼　しゅん坊","飲食店","〒631-0033　奈良県奈良市あやめ池南1丁目3-4",631-0033,奈良市あやめ池南1丁目3-4,135.760986,34.697754
141,"シフォンのお店PUKKU","百貨店,ショッピングモール,食品,飲料等","〒631-0006　奈良県奈良市西登美ケ丘1-4-1",631-0006,奈良市西登美ケ丘1-4-1,135.743912,34.714748
142,"上新電機（株）富雄南イオンタウン店","家電,カメラ,携帯電話,電気工事","〒631-0054　奈良県奈良市石木町１００－１",631-0054,奈良市石木町100-1,135.760086,34.664989
143,"in-spice Meets","飲食店","〒630-8226　奈良県奈良市小西町２１－１な・ら・ら",630-8226,奈良市小西町21-1,135.827133,34.683064
144,"ドラッグストア キリン堂 東押熊店","薬,化粧品,調剤薬局,ドラッグストア","〒631-0011　奈良県奈良市押熊町東押熊851",631-0011,奈良市押熊町東押熊851,135.767883,34.719131
145,"ドラッグストア キリン堂 高畑店","薬,化粧品,調剤薬局,ドラッグストア","〒630-8301　奈良県奈良市高畑町130-1",630-8301,奈良市高畑町130-1,135.841599,34.671574
146,"ドラッグストア キリン堂 あやめ池店","薬,化粧品,調剤薬局,ドラッグストア","〒631-0818　奈良県奈良市西大寺赤田町2丁目809番地9",631-0818,奈良市西大寺赤田町2丁目809番地9,135.769135,34.699165
147,"ドラッグストア キリン堂 大安寺店","薬,化粧品,調剤薬局,ドラッグストア","〒630-8136　奈良県奈良市恋の窪1-281-3",630-8136,奈良市恋の窪1-281-3,135.809174,34.676346
148,"イタリア料理　イオタ","飲食店","〒630-8217　奈良県奈良市橋本町1番なら町長屋",630-8217,奈良市橋本町1番,135.829239,34.681725
149,"焼肉製作所 神神","飲食店","〒630-8226　奈良県奈良市小西町8-1ラフィーヌ東洋５Ｆ",630-8226,奈良市小西町8-1,135.827957,34.683456
150,"ＶＩＤＥＯはーと","写真","〒630-8044　奈良県奈良市六条西５丁目１－３０",630-8044,奈良市六条西5丁目1-30,135.768005,34.666206
151,"さくらパン工房","百貨店,ショッピングモール,食品,飲料等","〒630-8014　奈良県奈良市四条大路4―1―77―1",630-8014,奈良市四条大路4―1―77―1,135.792358,34.679726
152,"餃子専門店　吉富","飲食店","〒631-0816　奈良県奈良市西大寺本町2-18今里ビル1階",631-0816,奈良市西大寺本町2-18,135.781082,34.695564
153,"ビストロスクワール","飲食店","〒630-8226　奈良県奈良市小西町9番地川村ビル103",630-8226,奈良市小西町9番地,135.827957,34.683456
154,"洋風手料理明倫館","飲食店","〒630-8141　奈良県奈良市南京終町1－32－4",630-8141,奈良市南京終町1-32-4,135.825241,34.671230
155,"SHOTBAR-COTTONCLUB","飲食店","〒630-8115　奈良県奈良市大宮町4-313-4-2階ヴィラ松本",630-8115,奈良市大宮町4-313-4-2階,135.808304,34.682858
156,"ピュア、キンコードー","メガネ,時計,貴金属,コンタクトレンズ","〒630-8242　奈良県奈良市漢国町1-5",630-8242,奈良市漢国町1-5,135.825134,34.683548
157,"KOMFORTA","飲食店","〒631-0012　奈良県奈良市中山町1524-1",631-0012,奈良市中山町1524-1,135.773773,34.711437
158,"炭焼きとりっこ","飲食店","〒631-0816　奈良県奈良市西大寺本町2-24-1Ｆ",631-0816,奈良市西大寺本町2-24-1F,135.781158,34.695053
159,"薬膳カフェ　花美津姫","飲食店","〒631-0052　奈良県奈良市中町3879霊山寺内",631-0052,奈良市中町3879,135.740311,34.673580
160,"こじま富雄団地接骨院","接骨院,整骨院,マッサージ","〒631-0065　奈良県奈良市鳥見町3-11-1-56-106",631-0065,奈良市鳥見町3-11-1-56-106,135.725006,34.694748
161,"Pleased To Meet Me","飲食店衣服,ベビー・子供用品,手芸用品,靴,身の回り品本,文具CD・DVDレンタル,ゲーム販売お土産物,玩具,雑貨","〒630-8113　奈良県奈良市法蓮町1249-1田中店舗1階 1階中央",630-8113,奈良市法蓮町1249-1,135.826431,34.692051
162,"いち屋","お土産物,玩具,雑貨","〒630-8113　奈良県奈良市法蓮町559-1",630-8113,奈良市法蓮町559-1,135.813110,34.691982
163,"鹿鳴園Rokumeien","飲食店","〒630-8211　奈良県奈良市雑司町407-4",630-8211,奈良市雑司町407-4,135.850250,34.688213
164,"居酒屋つのふり","飲食店","〒630-8216　奈良県奈良市東向南町２１奈良観光会館B1F",630-8216,奈良市東向南町21,135.828491,34.682625
165,"さくら町バール","飲食店","〒630-8226　奈良県奈良市小西町１５中山ビル２F",630-8226,奈良市小西町15,135.827957,34.683456
166,"かむら精肉店","飲食店","〒630-8226　奈良県奈良市小西町1-5",630-8226,奈良市小西町1-5,135.827957,34.682930
167,"サンキューバル","飲食店","〒630-8115　奈良県奈良市大宮町6-1-11新大宮第二ビル１F",630-8115,奈良市大宮町6-1-11,135.811615,34.684639
168,"ホルモン大魔王","飲食店","〒630-8121　奈良県奈良市三条宮前町2-30杉本宮前ビル",630-8121,奈良市三条宮前町2-30,135.815231,34.681190
169,"ファイテンショップ奈良三条通り店","スポーツ用品,釣り具","〒630-8224　奈良県奈良市角振町１４ー1",630-8224,奈良市角振町14-1,135.827164,34.681553
170,"萬春堂","飲食店百貨店,ショッピングモール,食品,飲料等","〒630-8126　奈良県奈良市三条栄町9-12",630-8126,奈良市三条栄町9-12,135.811676,34.679691
171,"Dernie","理美容,エステサロン","〒630-8115　奈良県奈良市大宮町4丁目306番地の１コーポサンライズ１－C",630-8115,奈良市大宮町4丁目306番地の1,135.808395,34.683502
172,"和牛ステーキ関","飲食店","〒630-8226　奈良県奈良市小西町21-1ならら1Ｆ",630-8226,奈良市小西町21-1,135.827133,34.683064
173,"TheOliveDining","飲食店","〒630-8226　奈良県奈良市小西町21-1ならら1Ｆ",630-8226,奈良市小西町21-1,135.827133,34.683064
174,"ホテルアジール奈良アネックス","飲食店その他","〒630-8014　奈良県奈良市四条大路１丁目４ー４５ホテルアジール奈良アネックス",630-8014,奈良市四条大路1丁目4-45,135.800735,34.681843
175,"小樽食堂　奈良西大寺店","飲食店","〒631-0803　奈良県奈良市山陵町162-1",631-0803,奈良市山陵町162-1,135.785385,34.699211
176,"焼肉燈火","飲食店","〒630-8246　奈良県奈良市油阪地方町6-4京ろまんビル1Ｆ",630-8246,奈良市油阪地方町6-4,135.821579,34.682335
177,"オオミヤバル","飲食店","〒630-8115　奈良県奈良市大宮町6丁目9-8岡田ビル101",630-8115,奈良市大宮町6丁目9-8,135.810501,34.685104
178,"ベトナム料理　コムゴン","飲食店","〒630-8216　奈良県奈良市東向南町19-2F",630-8216,奈良市東向南町19-2F,135.828491,34.682625
179,"ブルーノート","飲食店","〒630-8363　奈良県奈良市勝南院町１１番地の１",630-8363,奈良市勝南院町11番地の1,135.830688,34.679066
180,"らーめん三ちゃん","飲食店","〒630-8244　奈良県奈良市三条町474-1ふくもりビル1Ｆ",630-8244,奈良市三条町474-1,135.822830,34.681381
181,"天下一品　柏木店","飲食店","〒630-8031　奈良県奈良市柏木町421-1柏木ビル1F",630-8031,奈良市柏木町421-1,135.798431,34.668804
182,"㈱塚本畳襖店","その他","〒630-8001　奈良県奈良市法華寺町1123",630-8001,奈良市法華寺町1123,135.805420,34.693855
183,"セブンイレブン奈良窪之庄町店","コンビニエンスストア,日用品","〒630-8431　奈良県奈良市窪之庄町４９番地",630-8431,奈良市窪之庄町49番地,135.832962,34.636066
184,"ゆるり","飲食店","〒630-8122　奈良県奈良市三条本町1番1号ビエラ奈良1F",630-8122,奈良市三条本町1番1号,135.817139,34.677574
185,"活ふぐ料理　ふくふく","飲食店","〒630-8115　奈良県奈良市大宮町6-2-15ミールビル5F",630-8115,奈良市大宮町6-2-15,135.810394,34.684631
186,"泉屋仏壇　奈良店","その他","〒630-8115　奈良県奈良市大宮町6-2-9",630-8115,奈良市大宮町6-2-9,135.810394,34.684631
187,"BONCHI","本,文具CD・DVDレンタル,ゲーム販売","〒630-6308　奈良県奈良市橋本町３－１",630-6308,奈良市橋本町3-1,135.829239,34.681725
188,"粉源　大宮店","百貨店,ショッピングモール,食品,飲料等","〒630-8115　奈良県奈良市大宮町4丁目293-7",630-8115,奈良市大宮町4丁目293-7,135.810242,34.683746
189,"8nosu","飲食店","〒630-8373　奈良県奈良市南市町8-1古古古屋1階",630-8373,奈良市南市町8-1,135.830109,34.679897
190,"アズマ米酒店","百貨店,ショッピングモール,食品,飲料等","〒630-8045　奈良県奈良市六条緑町1-4-7",630-8045,奈良市六条緑町1-4-7,135.761169,34.670532
191,"近畿レンタカーサービス","その他","〒630-8144　奈良県奈良市東九条町106",630-8144,奈良市東九条町106,135.812744,34.654434
192,"化粧工房カインド","薬,化粧品,調剤薬局,ドラッグストア","〒630-8115　奈良県奈良市大宮町2-3-4-104東急ドエルパークビレッジ",630-8115,奈良市大宮町2-3-4-104,135.815536,34.682003
193,"ドラッグアカカベ　四条大路店","薬,化粧品,調剤薬局,ドラッグストア","〒630-8014　奈良県奈良市四条大路3-4-58",630-8014,奈良市四条大路3-4-58,135.795105,34.681786
194,"サン薬局　新大宮店","薬,化粧品,調剤薬局,ドラッグストア","〒630-8114　奈良県奈良市芝辻町４丁目２－３",630-8114,奈良市芝辻町4丁目2-3,135.811691,34.686337
195,"住まいるラボAyame（あやめ電化ハウス）","家電,カメラ,携帯電話,電気工事その他","〒631-0033　奈良県奈良市あやめ池南1-3-1",631-0033,奈良市あやめ池南1-3-1,135.760666,34.697800
196,"炭火焼肉鶴兆 奈良店","飲食店","〒631-0811　奈良県奈良市秋篠町1343-1",631-0811,奈良市秋篠町1343-1,135.772446,34.709805
197,"上海楼","飲食店","〒630-8216　奈良県奈良市東向南町１８",630-8216,奈良市東向南町18,135.828491,34.682625
198,"鶏笑南肘塚店","飲食店","〒630-8304　奈良県奈良市南肘塚町47-4",630-8304,奈良市南肘塚町47-4,135.830368,34.666687
199,"旬彩ひより","飲食店","〒630-8333　奈良県奈良市中新屋町26",630-8333,奈良市中新屋町26,135.830673,34.677631
200,"フラワーショップメープル","その他","〒631-0011　奈良県奈良市押熊町１１３０－３",631-0011,奈良市押熊町1130-3,135.770508,34.721684
201,"有田焼専門店　緒方","その他","〒631-0002　奈良県奈良市東登美ケ丘4丁目１６－９",631-0002,奈良市東登美ケ丘4丁目16-9,135.758316,34.721664
202,"百楽荘","飲食店","〒631-0024　奈良県奈良市百楽園３丁目１－３",631-0024,奈良市百楽園3丁目1-3,135.737686,34.695595
203,"喜久屋書店　奈良駅店","本,文具CD・DVDレンタル,ゲーム販売","〒630-8122　奈良県奈良市三条本町1-1ビエラ奈良２F",630-8122,奈良市三条本町1-1,135.817139,34.677574
204,"奈良町　あしびの郷","飲食店","〒630-8337　奈良県奈良市脇戸町29",630-8337,奈良市脇戸町29,135.828552,34.678051
205,"cervo bianco   Pizza & Gelato","飲食店","〒630-8336　奈良県奈良市高御門町7",630-8336,奈良市高御門町7,135.829300,34.677406
206,"ＡＹＡＭＥＫＡＮ","飲食店","〒631-0032　奈良県奈良市あやめ池北１丁目３４－１７",631-0032,奈良市あやめ池北1丁目34-17,135.759140,34.698803
207,"& NARA     Galette&Crepe","飲食店","〒630-8336　奈良県奈良市高御門町38",630-8336,奈良市高御門町38,135.828705,34.677536
208,"あしびや本舗","百貨店,ショッピングモール,食品,飲料等","〒630-8114　奈良県奈良市芝辻町2-8-12",630-8114,奈良市芝辻町2-8-12,135.814224,34.686619
209,"奈良のうまいものプラザ","飲食店百貨店,ショッピングモール,食品,飲料等","〒630-8122　奈良県奈良市三条本町1-1ビエラ奈良1階",630-8122,奈良市三条本町1-1,135.817139,34.677574
210,"auショップ学園前","家電,カメラ,携帯電話,電気工事","〒631-0052　奈良県奈良市中町1-78フレスポ奈良学園前",631-0052,奈良市中町1-78,135.754715,34.685753
211,"月日亭近鉄奈良駅前店","飲食店","〒631-8215　奈良県奈良市東向中町６奈良県経済倶楽部ビル１階",631-8215,奈良市東向中町6,135.828918,34.683792
212,"ソフトバンク阪奈二条","家電,カメラ,携帯電話,電気工事","〒630-8012　奈良県奈良市二条大路南384-1",630-8012,奈良市二条大路南384-1,135.801880,34.685738
213,"江戸川ならまち店","飲食店","〒630-8365　奈良県奈良市下御門町４３番地",630-8365,奈良市下御門町43番地,135.829269,34.679035
214,"東大寺絵馬堂茶屋","飲食店","〒630-8211　奈良県奈良市雑司町４０７番地東大寺二月堂前",630-8211,奈良市雑司町407番地,135.850250,34.688213
215,"旬菜　香音","飲食店","〒630-8393　奈良県奈良市鶴福院町3-2",630-8393,奈良市鶴福院町3-2,135.831757,34.679047
216,"ヘアーサロン　スギモリ","理美容,エステサロン","〒630-8214　奈良県奈良市東向北町19",630-8214,奈良市東向北町19,135.828949,34.685017
217,"アプリコット奈良店","衣服,ベビー・子供用品,手芸用品,靴,身の回り品","〒630-8001　奈良県奈良市法華寺町187-101",630-8001,奈良市法華寺町187-101,135.808167,34.688450
218,"串揚げ和","飲食店","〒630-8246　奈良県奈良市油阪地方町5番松山ビル2階",630-8246,奈良市油阪地方町5番,135.821579,34.682335
219,"平宗奈良店","飲食店","〒630-8374　奈良県奈良市今御門町30-1",630-8374,奈良市今御門町30-1,135.830322,34.680099
220,"麻布おかい　奈良店","お土産物,玩具,雑貨","〒630-8217　奈良県奈良市橋本町7-1",630-8217,奈良市橋本町7-1,135.829239,34.681725
221,"麻布おかい　東向店","お土産物,玩具,雑貨","〒630-8215　奈良県奈良市東向中町16",630-8215,奈良市東向中町16,135.828506,34.683777
222,"靴下屋　奈良小西通り店","衣服,ベビー・子供用品,手芸用品,靴,身の回り品","〒630-8226　奈良県奈良市小西町15中山ビル1階",630-8226,奈良市小西町15,135.827957,34.683456
223,"ならまち　わおん","お土産物,玩具,雑貨","〒630-8372　奈良県奈良市西寺林町2番地",630-8372,奈良市西寺林町2番地,135.829803,34.679474
224,"木原米穀店","百貨店,ショッピングモール,食品,飲料等","〒631-0076　奈良県奈良市富雄北１－２－１３店舗兼自宅",631-0076,奈良市富雄北1-2-13,135.734360,34.695110
225,"やきとり居酒屋 とりじ","飲食店","〒631-0061　奈良県奈良市三碓2-1-1リコービル",631-0061,奈良市三碓2-1-1,135.735748,34.690964
226,"西大寺バル","飲食店","〒631-0822　奈良県奈良市西大寺栄町3-10三和栄町ビル１階",631-0822,奈良市西大寺栄町3-10,135.784851,34.693970
227,"サン薬局　高の原店","薬,化粧品,調剤薬局,ドラッグストア","〒631-0805　奈良県奈良市右京4丁目14-24",631-0805,奈良市右京4丁目14-24,135.788391,34.721249
228,"上新電機株式会社奈良店","家電,カメラ,携帯電話,電気工事","〒630-8013　奈良県奈良市三条大路４－１－５８",630-8013,奈良市三条大路4-1-58,135.792023,34.684338
229,"サン薬局　紀寺店","薬,化粧品,調剤薬局,ドラッグストア","〒630-8306　奈良県奈良市紀寺東口675-1パークビュー紀寺102",630-8306,奈良市紀寺東口675-1,135.833572,34.672733
230,"菊一文珠四郎包永","飲食店お土産物,玩具,雑貨","〒630-8211　奈良県奈良市雑司町488",630-8211,奈良市雑司町488,135.845825,34.685368
231,"山のカフェ","飲食店","〒630-8211　奈良県奈良市雑司町488菊一文珠四郎包永内",630-8211,奈良市雑司町488,135.845825,34.685368
232,"漬菜栄吉","お土産物,玩具,雑貨","〒630-8215　奈良県奈良市東向中町29",630-8215,奈良市東向中町29,135.828827,34.683727
233,"GOTO-ＣＨＩ奈良店","お土産物,玩具,雑貨","〒630-8215　奈良県奈良市東向中町２９近鉄奈良駅",630-8215,奈良市東向中町29,135.828827,34.683727
234,"ならや西大寺店","お土産物,玩具,雑貨","〒631-0823　奈良県奈良市西大寺国見町1-1-1",631-0823,奈良市西大寺国見町1-1-1,135.782928,34.693844
235,"ならや東大寺店","飲食店お土産物,玩具,雑貨","〒630-8212　奈良県奈良市春日野町16",630-8212,奈良市春日野町16,135.839111,34.684177
236,"活版工房 丹","お土産物,玩具,雑貨その他","〒630-8214　奈良県奈良市東向北町6",630-8214,奈良市東向北町6,135.828690,34.684891
237,"奈良みやこ路","お土産物,玩具,雑貨","〒630-8122　奈良県奈良市三条本町1-1",630-8122,奈良市三条本町1-1,135.817139,34.677574
238,"ステーキ中山","飲食店","〒630-8362　奈良県奈良市東寺林町7番地サンフェアリー １Ｆ",630-8362,奈良市東寺林町7番地,135.831451,34.679344
239,"奈良百楽","飲食店","〒630-8215　奈良県奈良市東向中町２８奈良近鉄８階",630-8215,奈良市東向中町28,135.828506,34.683777
240,"日本市　奈良三条店","お土産物,玩具,雑貨","〒630-8223　奈良県奈良市角振新屋町1-1ファインフラッツ奈良町三条1F",630-8223,奈良市角振新屋町1-1,135.827881,34.681591
241,"ワインバーセヴ","飲食店","〒630-8372　奈良県奈良市西寺林町19-1",630-8372,奈良市西寺林町19-1,135.829803,34.679474
242,"桃花源","飲食店","〒631-0078　奈良県奈良市富雄元町1-24-24トミオコート　　1階",631-0078,奈良市富雄元町1-24-24,135.736115,34.693249
243,"OptMeisaメガネのイシガミ奈良四条大路店","メガネ,時計,貴金属,コンタクトレンズ","〒630-8014　奈良県奈良市四条大路3-1-40",630-8014,奈良市四条大路3-1-40,135.796936,34.681786
244,"かごの屋学園前店","飲食店","〒631-0041　奈良県奈良市学園大和町2-235-1",631-0041,奈良市学園大和町2-235-1,135.754089,34.684692
245,"かごの屋奈良新大宮店","飲食店","〒630-8115　奈良県奈良市大宮町6-3-6",630-8115,奈良市大宮町6-3-6,135.808212,34.684624
246,"MANO EN MANO マノマノ鍼灸院","その他","〒631-0805　奈良県奈良市右京4丁目14-18",631-0805,奈良市右京4丁目14-18,135.788391,34.721249
247,"楽房","飲食店","〒631-0823　奈良県奈良市西大寺国見町1-2西大寺近鉄第二ビル",631-0823,奈良市西大寺国見町1-2,135.784149,34.692402
248,"サン薬局二名店","薬,化粧品,調剤薬局,ドラッグストア","〒631-0072　奈良県奈良市二名３丁目１０４６－１",631-0072,奈良市二名3丁目1046-1,135.729813,34.705196
249,"うま杉","飲食店","〒630-8115　奈良県奈良市大宮町6-9-4WINDSBLDⅡ-１F",630-8115,奈良市大宮町6-9-4,135.810501,34.685104
250,"山田オブホルモン","飲食店","〒630-8225　奈良県奈良市西御門町11-11プライムビル3F",630-8225,奈良市西御門町11-11,135.827148,34.684616
251,"大阪王将　JR奈良駅前店","飲食店","〒630-8244　奈良県奈良市三条町511-3奈良交通第二ビル1F",630-8244,奈良市三条町511-3,135.821106,34.680992
252,"カインズ　奈良二名店","ホームセンター","〒631-0072　奈良県奈良市二名３丁目１０８０番地",631-0072,奈良市二名3丁目1080番地,135.729813,34.705196
253,"ロイヤルツーリスト","タクシー,宿泊業,旅行業","〒630-8115　奈良県奈良市大宮町６丁目１－１１新大宮第二ビル３階",630-8115,奈良市大宮町6丁目1-11,135.811615,34.684639
254,"サン薬局平松店","薬,化粧品,調剤薬局,ドラッグストア","〒631-0846　奈良県奈良市平松1-31-24",631-0846,奈良市平松1-31-24,135.775360,34.680191
255,"奈良万葉若草の宿　三笠","タクシー,宿泊業,旅行業","〒630-8202　奈良県奈良市川上町７２８番地の１０",630-8202,奈良市川上町728番地の10,135.844284,34.698227
256,"ヨサパークブロッサム　奈良","理美容,エステサロン","〒631-0076　奈良県奈良市富雄北3-12-2",631-0076,奈良市富雄北3-12-2,135.738129,34.700562
257,"はり新","飲食店","〒630-8333　奈良県奈良市中新屋町１５番地",630-8333,奈良市中新屋町15番地,135.830200,34.677711
258,"えいと鍼灸整骨院","接骨院,整骨院,マッサージ","〒631-0061　奈良県奈良市三碓4-3-12谷垣ビル101",631-0061,奈良市三碓4-3-12,135.736740,34.685764
259,"パーティハウス三条大路店","衣服,ベビー・子供用品,手芸用品,靴,身の回り品","〒630-8013　奈良県奈良市三条大路4-1-22",630-8013,奈良市三条大路4-1-22,135.791962,34.681877
260,"春日庵","飲食店百貨店,ショッピングモール,食品,飲料等","〒630-8333　奈良県奈良市中新屋町28",630-8333,奈良市中新屋町28,135.830673,34.677631
261,"奈良ホテル","タクシー,宿泊業,旅行業","〒630-8301　奈良県奈良市高畑町1096",630-8301,奈良市高畑町1096,135.833710,34.680328
262,"奈良醸造タップルーム","飲食店その他","〒630-8452　奈良県奈良市北之庄西町1-8-14",630-8452,奈良市北之庄西町1-8-14,135.806976,34.652210
263,"奈良　春日奥山　月日亭","タクシー,宿泊業,旅行業","〒630-8212　奈良県奈良市春日野町158",630-8212,奈良市春日野町158,135.846161,34.684265
264,"飛鳥荘","タクシー,宿泊業,旅行業","〒630-8301　奈良県奈良市高畑町1113-3",630-8301,奈良市高畑町1113-3,135.833710,34.680328
265,"上高地あずさ珈琲　学園前店","飲食店","〒630-8037　奈良県奈良市中町1-78",630-8037,奈良市中町1-78,135.754715,34.685753
266,"カフェ バルドー","飲食店","〒630-8253　奈良県奈良市内侍原町13",630-8253,奈良市内侍原町13,135.826447,34.686390
267,"ギャラリー花matsuri","その他","〒630-8286　奈良県奈良市東包永町１３番地２",630-8286,奈良市東包永町13番地2,135.833435,34.691643
268,"天下一品 押熊店","飲食店","〒631-0011　奈良県奈良市押熊町１１３０－４新田ビル１Ｆ",631-0011,奈良市押熊町1130-4,135.770508,34.721684
269,"小粋料理　味　万惣","飲食店","〒631-0021　奈良県奈良市鶴舞東町2-26サンクレイン201",631-0021,奈良市鶴舞東町2-26,135.752701,34.708893
270,"変なホテル　奈良","その他","〒630-8241　奈良県奈良市高天町46番1",630-8241,奈良市高天町46番1,135.826431,34.683792
271,"立呑み処。宴","飲食店","〒631-0822　奈良県奈良市西大寺栄町3-10サンワ栄町ビル１F",631-0822,奈良市西大寺栄町3-10,135.784851,34.693970
272,"マクドナルド阪奈宝来店","飲食店","〒631-0845　奈良県奈良市宝来4-17-3",631-0845,奈良市宝来4-17-3,135.770950,34.684452
273,"ヘアーサロンタケダ","理美容,エステサロン","〒630-8206　奈良県奈良市手貝町36",630-8206,奈良市手貝町36,135.834854,34.692432
274,"すし処 鮨田","飲食店","〒631-0078　奈良県奈良市富雄元町2-5-25明光ビル1階",631-0078,奈良市富雄元町2-5-25,135.735825,34.693127
275,"鮨田 持ち帰り店","百貨店,ショッピングモール,食品,飲料等","〒631-0078　奈良県奈良市富雄元町2-1-17弘徳ビル1階",631-0078,奈良市富雄元町2-1-17,135.735596,34.693569
276,"焼肉千久左","飲食店","〒631-0078　奈良県奈良市富雄元町4-1-23富雄美術ビル2階",631-0078,奈良市富雄元町4-1-23,135.733063,34.692474
277,"パソコントータルサポート　株式会社アルファプラス","その他","〒631-0011　奈良県奈良市押熊町1266-2",631-0011,奈良市押熊町1266-2,135.768509,34.722431
278,"メガネ本舗 奈良三条店","メガネ,時計,貴金属,コンタクトレンズ","〒630-8127　奈良県奈良市三条添川町125-1",630-8127,奈良市三条添川町125-1,135.812271,34.680725
279,"マクドナルド奈良からもも店","飲食店","〒630-8454　奈良県奈良市杏町152-1",630-8454,奈良市杏町152-1,135.797195,34.658657
280,"柿の葉すし本舗たなか　なら本店","百貨店,ショッピングモール,食品,飲料等お土産物,玩具,雑貨","〒630-8215　奈良県奈良市東向中町5番地2",630-8215,奈良市東向中町5番地2,135.828918,34.683792
281,"サンタウンプラザすずらん館店舗会","百貨店,ショッピングモール,食品,飲料等","〒631-0805　奈良県奈良市右京1丁目3-4サンタウンプラザすずらん館",631-0805,奈良市右京1丁目3-4,135.789246,34.722092
282,"ビッグ.ナラ　本店","百貨店,ショッピングモール,食品,飲料等","〒630-8327　奈良県奈良市東木辻町45-2",630-8327,奈良市東木辻町45-2,135.828201,34.674507
283,"ビッグ.ナラ　若草店","百貨店,ショッピングモール,食品,飲料等","〒630-8286　奈良県奈良市東包永町49-1",630-8286,奈良市東包永町49-1,135.832047,34.691319
284,"メガネランド","メガネ,時計,貴金属,コンタクトレンズ","〒631-0016　奈良県奈良市学園朝日町2-12",631-0016,奈良市学園朝日町2-12,135.751968,34.700680
285,"ちょい呑み まんまや","飲食店","〒631-0013　奈良県奈良市中山町西４丁目535-489コーポ学園前103",631-0013,奈良市中山町西4丁目535-489,135.756973,34.710026
286,"beauty  hair  make Ryze","理美容,エステサロン","〒631-0842　奈良県奈良市菅原東2丁目28番22号",631-0842,奈良市菅原東2丁目28番22号,135.780472,34.688744
287,"行徳庵","お土産物,玩具,雑貨","〒630-8212　奈良県奈良市春日野町23-4",630-8212,奈良市春日野町23-4,135.839111,34.684177
288,"白玉屋榮壽　奈良店","百貨店,ショッピングモール,食品,飲料等","〒630-8244　奈良県奈良市三条町480-4",630-8244,奈良市三条町480-4,135.822189,34.681400
289,"びっくりうどん三好野","飲食店","〒630-8217　奈良県奈良市橋本町27",630-8217,奈良市橋本町27,135.828613,34.681683
290,"江戸三","飲食店タクシー,宿泊業,旅行業","〒630-8301　奈良県奈良市高畑町1167",630-8301,奈良市高畑町1167,135.835571,34.681782
291,"お食事処 たちばな","飲食店","〒630-8104　奈良県奈良市奈良阪2340",630-8104,奈良市奈良阪2340,135.827087,34.706390
292,"わんず・はーと・かふぇ　ならまち店","飲食店","〒630-8301　奈良県奈良市高畑町1028-7",630-8301,奈良市高畑町1028-7,135.836197,34.677956
293,"クスリのアオキ　三条大路店","薬,化粧品,調剤薬局,ドラッグストア","〒630-8013　奈良県奈良市三条大路二丁目1番61号",630-8013,奈良市三条大路二丁目1番61号,135.798172,34.684216
294,"宝来飯店","飲食店その他","〒630-8141　奈良県奈良市南京終町７１４ー１１",630-8141,奈良市南京終町714-11,135.819092,34.664082
295,"PHOTO GARDEN","お土産物,玩具,雑貨写真","〒630-8214　奈良県奈良市東向北町22-1",630-8214,奈良市東向北町22-1,135.828949,34.685017
296,"なら泉勇斎","飲食店百貨店,ショッピングモール,食品,飲料等","〒630-8372　奈良県奈良市西寺林町22",630-8372,奈良市西寺林町22,135.829391,34.679680
297,"心和　koyori","飲食店","〒630-8141　奈良県奈良市南京終町１丁目１８３－３",630-8141,奈良市南京終町1丁目183-3,135.824860,34.670231
298,"Shop&Salon NOEL","飲食店お土産物,玩具,雑貨その他","〒630-8208　奈良県奈良市水門町52番地",630-8208,奈良市水門町52番地,135.838562,34.685921
299,"日本料理京富","飲食店","〒631-0044　奈良県奈良市藤ノ木台３丁目2-18ベル藤ノ木１階",631-0044,奈良市藤ノ木台3丁目2-18,135.756454,34.679119
300,"ACART LIFESTYLE","お土産物,玩具,雑貨","〒630-8393　奈良県奈良市鶴福院町25",630-8393,奈良市鶴福院町25,135.832092,34.678814
301,"YOSA PARK 西大寺","理美容,エステサロン","〒630-8002　奈良県奈良市二条町1-1-7森山マンション A23",630-8002,奈良市二条町1-1-7,135.786255,34.694592
302,"和食さと　奈良神殿店","飲食店","〒630-8441　奈良県奈良市神殿町667－1",630-8441,奈良市神殿町667-1,135.820389,34.659504
303,"ならまちnakamuraya","飲食店","〒630-8373　奈良県奈良市南市町8-1",630-8373,奈良市南市町8-1,135.830109,34.679897
304,"ステーキ　雪峰","飲食店","〒631-0804　奈良県奈良市神功３丁目１－６",631-0804,奈良市神功3丁目1-6,135.781647,34.716980
305,"やきとり一番　三条添川店","飲食店","〒630-8127　奈良県奈良市三条添川町36-1-2",630-8127,奈良市三条添川町36-1-2,135.812271,34.680725
306,"ピッツェリア　ルナノーヴァ","飲食店","〒630-8115　奈良県奈良市大宮町2-1-35",630-8115,奈良市大宮町2-1-35,135.817612,34.682503
307,"鮨楽","飲食店","〒630-8113　奈良県奈良市法蓮町415-5",630-8113,奈良市法蓮町415-5,135.814392,34.690262
308,"成城石井大和西大寺店","百貨店,ショッピングモール,食品,飲料等","〒631-0823　奈良県奈良市西大寺国見町１丁目１－１近鉄大和西大寺駅",631-0823,奈良市西大寺国見町1丁目1-1,135.782928,34.693844
309,"ＹＡＭＡＴＯ　Ｃｒａｆｔ　Ｂｅｅｒ　Ｔａｂｌｅ","飲食店","〒630-8215　奈良県奈良市東向中町６奈良県経済倶楽部ビル１階",630-8215,奈良市東向中町6,135.828918,34.683792
310,"中川政七商店　奈良蔦谷書店","百貨店,ショッピングモール,食品,飲料等","〒630-8013　奈良県奈良市三条大路1丁目691-1奈良蔦谷書店　1F",630-8013,奈良市三条大路1丁目691-1,135.803040,34.683109
311,"ホテルアジール・奈良","飲食店タクシー,宿泊業,旅行業","〒630-8247　奈良県奈良市油阪町1-58",630-8247,奈良市油阪町1-58,135.821030,34.682484
312,"万代紀寺店","百貨店,ショッピングモール,食品,飲料等","〒630-8306　奈良県奈良市紀寺町412-1",630-8306,奈良市紀寺町412-1,135.834244,34.670200
313,"万代学園前店","百貨店,ショッピングモール,食品,飲料等","〒631-0021　奈良県奈良市鶴舞東町2-6",631-0021,奈良市鶴舞東町2-6,135.750351,34.706951
314,"マクドナルド奈良店","飲食店","〒630-8216　奈良県奈良市東向南町21",630-8216,奈良市東向南町21,135.828491,34.682625
315,"マクドナルド奈良北店","飲食店","〒630-8001　奈良県奈良市法華寺町73-1",630-8001,奈良市法華寺町73-1,135.809631,34.688541
316,"食房たけだ","飲食店","〒630-8013　奈良県奈良市三条大路1－10－20",630-8013,奈良市三条大路1-10-20,135.801041,34.682796
317,"See・You奈良店","衣服,ベビー・子供用品,手芸用品,靴,身の回り品","〒630-8001　奈良県奈良市法華寺町134-1",630-8001,奈良市法華寺町134-1,135.808319,34.687580
318,"AOKI奈良柏木店","衣服,ベビー・子供用品,手芸用品,靴,身の回り品","〒630-8134　奈良県奈良市大安寺町504―1",630-8134,奈良市大安寺町504―1,135.801163,34.673744
319,"BOOKOFF奈良押熊店","本,文具CD・DVDレンタル,ゲーム販売","〒631-0011　奈良県奈良市押熊町537-1",631-0011,奈良市押熊町537-1,135.772415,34.718643
320,"カフェチャオプレッソ奈良駅店","飲食店","〒630-8215　奈良県奈良市東向中町２９近鉄奈良駅",630-8215,奈良市東向中町29,135.828827,34.683727
321,"カフェチャオプレッソ西大寺駅店","飲食店","〒631-0823　奈良県奈良市西大寺国見町１丁目１－１近鉄西大寺駅",631-0823,奈良市西大寺国見町1丁目1-1,135.782928,34.693844
322,"天理楽器 奈良店","楽器","〒631-0011　奈良県奈良市押熊町397-1",631-0011,奈良市押熊町397-1,135.771362,34.715965
323,"近鉄百貨店　奈良店","百貨店,ショッピングモール,食品,飲料等","〒631-8511　奈良県奈良市西大寺東町2-4-1",631-8511,奈良市西大寺東町2-4-1,135.785141,34.695045
324,"宮脇書店　奈良店","本,文具CD・DVDレンタル,ゲーム販売","〒630-8012　奈良県奈良市二条大路南1丁目3番地1ミ・ナーラ",630-8012,奈良市二条大路南1丁目3番地1,135.801773,34.685081
325,"HooNyanBoo","お土産物,玩具,雑貨","〒630-8228　奈良県奈良市上三条町12-5鎌田ビル101",630-8228,奈良市上三条町12-5,135.825638,34.681725
326,"かっちゃんの大衆酒場 the STAND","飲食店","〒630-8216　奈良県奈良市東向南町14ほていやビル 1F",630-8216,奈良市東向南町14,135.828918,34.682663
327,"コクミン大和西大寺エキナカ店","薬,化粧品,調剤薬局,ドラッグストア","〒631-0823　奈良県奈良市西大寺国見町1丁目1番地1号大和西大寺駅構内",631-0823,奈良市西大寺国見町1丁目1番地1号,135.782928,34.693844
328,"カーテンじゅうたん王国　尼ヶ辻店","その他","〒630-8014　奈良県奈良市四条大路5-6-17",630-8014,奈良市四条大路5-6-17,135.788544,34.679203
329,"カフェ　アンタレス","飲食店","〒630-8305　奈良県奈良市東紀寺町２丁目５－１７",630-8305,奈良市東紀寺町2丁目5-17,135.838791,34.672798
330,"ウェルズグランデ奈良店","理美容,エステサロン","〒630-8014　奈良県奈良市四条大路3-4-58",630-8014,奈良市四条大路3-4-58,135.795105,34.681786
331,"ほおずき","飲食店","〒630-8241　奈良県奈良市高天町38-3近鉄高天ビル地下BF",630-8241,奈良市高天町38-3,135.825607,34.684013
332,"ワンカルビ 押熊店","飲食店","〒631-0011　奈良県奈良市押熊町1453-2",631-0011,奈良市押熊町1453-2,135.768326,34.720253
333,"ワンカルビ 神殿店","飲食店","〒630-8441　奈良県奈良市神殿町710",630-8441,奈良市神殿町710,135.819244,34.661808
334,"ワンカルビ 学園前店","飲食店","〒631-0052　奈良県奈良市中町879-1",631-0052,奈良市中町879-1,135.747681,34.673046
335,"クックハウス西大寺駅店","飲食店百貨店,ショッピングモール,食品,飲料等","〒631-0823　奈良県奈良市西大寺国見町１丁目１－１近鉄西大寺駅",631-0823,奈良市西大寺国見町1丁目1-1,135.782928,34.693844
336,"カイナラタクシー（大和交通株式会社）","タクシー,宿泊業,旅行業","〒630-8142　奈良県奈良市肘塚町8番地の8",630-8142,奈良市肘塚町8番地の8,135.829971,34.670048
337,"サン薬局中町店","薬,化粧品,調剤薬局,ドラッグストア","〒631-0052　奈良県奈良市中町4842-1",631-0052,奈良市中町4842-1,135.755997,34.672371
338,"リストランテ　ペック","飲食店","〒631-0011　奈良県奈良市押熊町2202-6",631-0011,奈良市押熊町2202-6,135.762833,34.719254
339,"La Terrasse","飲食店","〒630-8212　奈良県奈良市春日野町98-1ヒルトップテラス内",630-8212,奈良市春日野町98-1,135.856796,34.679489
340,"La Terrasse irisee","飲食店","〒631-0032　奈良県奈良市あやめ池北1丁目34-7HANA",631-0032,奈良市あやめ池北1丁目34-7,135.760193,34.698639
341,"銀河食堂","飲食店","〒630-8121　奈良県奈良市三条宮前町2-31",630-8121,奈良市三条宮前町2-31,135.815231,34.681286
342,"住まいるラボAyame（あやめ電化ハウス）東登美ケ丘店","家電,カメラ,携帯電話,電気工事その他","〒631-0002　奈良県奈良市東登美ケ丘４－１６－１２",631-0002,奈良市東登美ケ丘4-16-12,135.758347,34.721375
343,"丼の店　たまごの極み　大安寺店","飲食店","〒630-8141　奈良県奈良市南京終町1-128-1",630-8141,奈良市南京終町1-128-1,135.820648,34.670895
344,"TERRACE","飲食店","〒630-8382　奈良県奈良市公納堂町10",630-8382,奈良市公納堂町10,135.832870,34.677406
345,"三条坊","飲食店","〒630-8122　奈良県奈良市三条本町1-1",630-8122,奈良市三条本町1-1,135.817139,34.677574
346,"贔屓屋奈良本店","飲食店","〒630-8244　奈良県奈良市三条町511-3",630-8244,奈良市三条町511-3,135.821106,34.680992
347,"龍馬","飲食店","〒631-0076　奈良県奈良市富雄北1-3-7",631-0076,奈良市富雄北1-3-7,135.735046,34.694614
348,"レストランニュー大黒","飲食店","〒630-8108　奈良県奈良市法蓮佐保山3-2-26レストランニュー大黒",630-8108,奈良市法蓮佐保山3-2-26,135.828140,34.700737
349,"洋服の青山奈良押熊店","衣服,ベビー・子供用品,手芸用品,靴,身の回り品","〒631-0011　奈良県奈良市押熊町1567番地",631-0011,奈良市押熊町1567番地,135.766327,34.719391
350,"インド料理ＪＡＹ　奈良店","飲食店","〒630-8115　奈良県奈良市大宮町７－２－２３三和佐保川ビル１０１",630-8115,奈良市大宮町7-2-23,135.806061,34.685913
351,"田中ホテイヤ","薬,化粧品,調剤薬局,ドラッグストア","〒630-8215　奈良県奈良市東向中町13",630-8215,奈良市東向中町13,135.828918,34.683792
352,"BuonoBuono","飲食店","〒630-8115　奈良県奈良市大宮町5-4-3",630-8115,奈良市大宮町5-4-3,135.814667,34.684853
353,"野田商店","百貨店,ショッピングモール,食品,飲料等","〒631-0805　奈良県奈良市右京1丁目3-4サンタウンプラザすずらん館",631-0805,奈良市右京1丁目3-4,135.789246,34.722092
354,"MOE","衣服,ベビー・子供用品,手芸用品,靴,身の回り品","〒631-0805　奈良県奈良市右京1丁目3-4サンタウンプラザすずらん館1F",631-0805,奈良市右京1丁目3-4,135.789246,34.722092
355,"ソフトバンク高の原店","家電,カメラ,携帯電話,電気工事","〒631-0805　奈良県奈良市右京1丁目3-4サンタウンプラザすずらん館1F",631-0805,奈良市右京1丁目3-4,135.789246,34.722092
356,"肉よし高の原店","百貨店,ショッピングモール,食品,飲料等","〒631-0805　奈良県奈良市右京1丁目3-4サンタウンプラザすずらん館1F",631-0805,奈良市右京1丁目3-4,135.789246,34.722092
357,"ブティック蔦","衣服,ベビー・子供用品,手芸用品,靴,身の回り品","〒631-0805　奈良県奈良市右京1丁目3-4サンタウンプラザすずらん館1F",631-0805,奈良市右京1丁目3-4,135.789246,34.722092
358,"うなぎ一品料理七福","飲食店","〒631-0036　奈良県奈良市学園北1-8-7",631-0036,奈良市学園北1-8-7,135.749786,34.698551
359,"たつみ書店","本,文具CD・DVDレンタル,ゲーム販売","〒631-0805　奈良県奈良市右京1丁目3-4サンタウンプラザすずらん館2Ｆ",631-0805,奈良市右京1丁目3-4,135.789246,34.722092
360,"RUCA","メガネ,時計,貴金属,コンタクトレンズ","〒631-0805　奈良県奈良市右京1丁目3-4サンタウンプラザすずらん館1F",631-0805,奈良市右京1丁目3-4,135.789246,34.722092
361,"Ｔａｉｓｈｉｎ　高の原店","接骨院,整骨院,マッサージ","〒631-0805　奈良県奈良市右京1丁目3-4サンタウンプラザすずらん館2Ｆ",631-0805,奈良市右京1丁目3-4,135.789246,34.722092
362,"得得　高の原サンタウン店","飲食店","〒631-0805　奈良県奈良市右京1丁目3-4サンタウンプラザすずらん館1F",631-0805,奈良市右京1丁目3-4,135.789246,34.722092
363,"春日ホテル及び和風レストラン春日","飲食店","〒630-8213　奈良県奈良市登大路町40",630-8213,奈良市登大路町40,135.829865,34.683819
364,"コスメフルフル","薬,化粧品,調剤薬局,ドラッグストア","〒631-0805　奈良県奈良市右京1丁目3-4サンタウンプラザすずらん館1F",631-0805,奈良市右京1丁目3-4,135.789246,34.722092
365,"デリカフェ　びぃぼ","飲食店","〒631-0805　奈良県奈良市右京1丁目3-4サンタウンプラザすずらん館1F",631-0805,奈良市右京1丁目3-4,135.789246,34.722092
366,"お菓子のデパート　よしや","百貨店,ショッピングモール,食品,飲料等","〒631-0805　奈良県奈良市右京1丁目3-4サンタウンプラザすずらん館1F",631-0805,奈良市右京1丁目3-4,135.789246,34.722092
367,"粉もん屋八　高の原店","飲食店","〒631-0805　奈良県奈良市右京1丁目3-4サンタウンプラザすずらん館1F",631-0805,奈良市右京1丁目3-4,135.789246,34.722092
368,"正栄クリーニング　高の原店","クリーニング","〒631-0805　奈良県奈良市右京1丁目3-4サンタウンプラザすずらん館1F",631-0805,奈良市右京1丁目3-4,135.789246,34.722092
369,"阪急ベーカリー　高の原店","百貨店,ショッピングモール,食品,飲料等","〒631-0805　奈良県奈良市右京1丁目3-4サンタウンプラザすずらん館1F",631-0805,奈良市右京1丁目3-4,135.789246,34.722092
370,"スライヴ　高の原店","その他","〒631-0805　奈良県奈良市右京1丁目3-4サンタウンプラザすずらん館2Ｆ",631-0805,奈良市右京1丁目3-4,135.789246,34.722092
371,"ミスタードーナツ高の原ショップ","飲食店","〒631-0805　奈良県奈良市右京1丁目3-4サンタウンプラザすずらん館1F",631-0805,奈良市右京1丁目3-4,135.789246,34.722092
372,"よつばカフェ","飲食店","〒630-8306　奈良県奈良市紀寺町954",630-8306,奈良市紀寺町954,135.833618,34.675449
373,"シェール　モリオ","理美容,エステサロン","〒631-0006　奈良県奈良市西登美ケ丘1-4-11",631-0006,奈良市西登美ケ丘1-4-11,135.745117,34.713982
374,"文具のコンパス","本,文具CD・DVDレンタル,ゲーム販売","〒631-0805　奈良県奈良市右京1丁目3-4サンタウンプラザすずらん館2F",631-0805,奈良市右京1丁目3-4,135.789246,34.722092
375,"ブレンズ　オブ　アーツ","理美容,エステサロン","〒631-0036　奈良県奈良市学園北2-5-1アネックスミタカ　２F",631-0036,奈良市学園北2-5-1,135.751038,34.699116
376,"アイシティ奈良店","メガネ,時計,貴金属,コンタクトレンズ","〒630-8224　奈良県奈良市角振町15服部ビル1F",630-8224,奈良市角振町15,135.827164,34.681553
377,"ドラッグストア　木のうた　高の原すずらん館店","薬,化粧品,調剤薬局,ドラッグストア","〒631-0805　奈良県奈良市右京1丁目3-4サンタウンプラザすずらん館2F",631-0805,奈良市右京1丁目3-4,135.789246,34.722092
378,"モリオ　フェリアルテ","理美容,エステサロン","〒631-0078　奈良県奈良市富雄元町2-1-17弘徳ビル　２F",631-0078,奈良市富雄元町2-1-17,135.735596,34.693569
379,"ダイソー　サンタウンプラザすずらん館店","コンビニエンスストア,日用品衣服,ベビー・子供用品,手芸用品,靴,身の回り品お土産物,玩具,雑貨","〒631-0805　奈良県奈良市右京1丁目3-4サンタウンプラザすずらん館2F",631-0805,奈良市右京1丁目3-4,135.789246,34.722092
380,"Net建築工房　奈良店","その他","〒631-0805　奈良県奈良市右京1丁目3-4サンタウンプラザすずらん館2F",631-0805,奈良市右京1丁目3-4,135.789246,34.722092
381,"アイクリエイト　高の原店","メガネ,時計,貴金属,コンタクトレンズ","〒631-0805　奈良県奈良市右京1丁目3-4サンタウンプラザすずらん館2F",631-0805,奈良市右京1丁目3-4,135.789246,34.722092
382,"ＭＧＭ","衣服,ベビー・子供用品,手芸用品,靴,身の回り品","〒631-0805　奈良県奈良市右京1丁目3-4サンタウンプラザすずらん館2Ｆ",631-0805,奈良市右京1丁目3-4,135.789246,34.722092
383,"ファミリーマート奈良二条大路店","コンビニエンスストア,日用品","〒630-8012　奈良県奈良市二条大路南5丁目2番13号",630-8012,奈良市二条大路南5丁目2番13号,135.788910,34.684414
384,"洋服の青山　奈良二条阪奈道路店","衣服,ベビー・子供用品,手芸用品,靴,身の回り品","〒630-8012　奈良県奈良市二条大路南二丁目1番23号",630-8012,奈良市二条大路南二丁目1番23号,135.797470,34.684422
385,"三楽洞本店","お土産物,玩具,雑貨","〒630-6308　奈良県奈良市樽井町7番地",630-6308,奈良市樽井町7番地,135.829681,34.681751
386,"三楽洞東向店","お土産物,玩具,雑貨","〒630-8215　奈良県奈良市東向中町16",630-8215,奈良市東向中町16,135.828506,34.683777
387,"三楽洞三条店","お土産物,玩具,雑貨","〒630-8218　奈良県奈良市樽井町13番地",630-8218,奈良市樽井町13番地,135.829681,34.681751
388,"天丼天ぷら本舗さん天　奈良三条店","飲食店","〒630-8124　奈良県奈良市三条桧町17-15",630-8124,奈良市三条桧町17-15,135.812042,34.679401
389,"ラ・コートドール","飲食店","〒630-8122　奈良県奈良市三条本町1-1VIERA奈良1F",630-8122,奈良市三条本町1-1,135.817139,34.677574
390,"ワインバー グラン","飲食店","〒630-8115　奈良県奈良市大宮町6-1-10松井ビル1階",630-8115,奈良市大宮町6-1-10,135.811615,34.684639
391,"スムージー専門店　ドリンク　ドランク","飲食店","〒630-8217　奈良県奈良市橋本町8",630-8217,奈良市橋本町8,135.829239,34.681725
392,"シフクノカミ","理美容,エステサロン","〒630-8141　奈良県奈良市南京終町2丁目250ー1",630-8141,奈良市南京終町2丁目250-1,135.821732,34.668819
393,"（株）柿の葉すし本舗たなか　がくえんまえ店","百貨店,ショッピングモール,食品,飲料等","〒631-0006　奈良県奈良市西登美ケ丘2-2-8",631-0006,奈良市西登美ケ丘2-2-8,135.742493,34.715103
394,"ダイニングキッチンBASE","飲食店","〒631-0061　奈良県奈良市三碓1-2-11ヨシエビル1F",631-0061,奈良市三碓1-2-11,135.736099,34.692093
395,"plus-D BARBERS","理美容,エステサロン","〒630-8226　奈良県奈良市小西町9番地川村ビル2階2号",630-8226,奈良市小西町9番地,135.827957,34.683456
396,"LIQUOR&TEARS,MAN&WOMAN","飲食店","〒631-0078　奈良県奈良市富雄元町2-6-48ライオンズプラザ富雄1F-D",631-0078,奈良市富雄元町2-6-48,135.735580,34.692852
397,"まごのてくらぶ","その他","〒631-0805　奈良県奈良市右京1丁目3-4サンタウンプラザすずらん館2Ｆ",631-0805,奈良市右京1丁目3-4,135.789246,34.722092
398,"瀬谷桃源","お土産物,玩具,雑貨","〒630-8211　奈良県奈良市雑司町433-3",630-8211,奈良市雑司町433-3,135.845322,34.688000
399,"賃貸のマサキ　JR奈良駅前店","その他","〒630-8244　奈良県奈良市三条町511正木第２ビル",630-8244,奈良市三条町511,135.821106,34.680992
400,"賃貸のマサキ　尼ヶ辻店","その他","〒630-8013　奈良県奈良市三条大路5丁目2-40",630-8013,奈良市三条大路5丁目2-40,135.788849,34.681850
401,"賃貸のマサキ　近鉄奈良駅前店","その他","〒630-8237　奈良県奈良市中筋町3-3Tビル 1Ｆ",630-8237,奈良市中筋町3-3,135.828110,34.684788
402,"あぐりーと　野菜とくらし","百貨店,ショッピングモール,食品,飲料等","〒631-0827　奈良県奈良市西大寺小坊町9-2",631-0827,奈良市西大寺小坊町9-2,135.779037,34.695698
403,"中谷本舗　平城山店","百貨店,ショッピングモール,食品,飲料等","〒630-0011　奈良県奈良市押熊町2141-1",630-0011,奈良市押熊町2141-1,135.765869,34.718105
404,"バンブスドラッグ","薬,化粧品,調剤薬局,ドラッグストア","〒630-8127　奈良県奈良市三条添川町5-40",630-8127,奈良市三条添川町5-40,135.811310,34.681881
405,"中谷本舗　三条店","百貨店,ショッピングモール,食品,飲料等","〒630-8227　奈良県奈良市林小路町17-1",630-8227,奈良市林小路町17-1,135.826370,34.682892
406,"中谷本舗　夢風ひろば売店","百貨店,ショッピングモール,食品,飲料等","〒630-8212　奈良県奈良市春日野町16",630-8212,奈良市春日野町16,135.839111,34.684177
407,"中谷本舗　夢風ひろばゐざさ茶屋","飲食店","〒630-8212　奈良県奈良市春日野町16",630-8212,奈良市春日野町16,135.839111,34.684177
408,"トゥールブランシュ","飲食店","〒630-8044　奈良県奈良市六条西3-25-31１階",630-8044,奈良市六条西3-25-31,135.767136,34.666386
409,"あづま","飲食店その他","〒630-8013　奈良県奈良市三条大路1丁目10番33号",630-8013,奈良市三条大路1丁目10番33号,135.800568,34.683575
410,"もち吉　奈良店","百貨店,ショッピングモール,食品,飲料等","〒630-8451　奈良県奈良市北之庄町37-1",630-8451,奈良市北之庄町37-1,135.817551,34.651924
411,"海鮮料理つじ平","飲食店","〒630-8122　奈良県奈良市三条本町4-32中室ビル1F",630-8122,奈良市三条本町4-32,135.819061,34.680141
412,"あす香","飲食店","〒630-8122　奈良県奈良市三条本町1098番地ダイワロイヤルホテルD-PREMIUM奈良1F",630-8122,奈良市三条本町1098番地,135.818420,34.679401
413,"鮓玄治","飲食店","〒630-8244　奈良県奈良市三条町606番地スクエア奈良三条5F",630-8244,奈良市三条町606番地,135.821014,34.680222
414,"割烹　東吉","飲食店","〒630-8013　奈良県奈良市三条大路1丁目10番33号",630-8013,奈良市三条大路1丁目10番33号,135.800568,34.683575
415,"あづまケータリングサービス　おしくま店","その他","〒631-0011　奈良県奈良市押熊町779-2",631-0011,奈良市押熊町779-2,135.779938,34.716133
416,"あづまケータリングサービス　宝来店","その他","〒631-0845　奈良県奈良市宝来4丁目16番1号",631-0845,奈良市宝来4丁目16番1号,135.770615,34.684479
417,"あづまケータリングサービス　本店","その他","〒630-8144　奈良県奈良市東九条町127-1",630-8144,奈良市東九条町127-1,135.815750,34.654385
418,"あづまケータリングサービス　奈良西店","その他","〒631-0052　奈良県奈良市中町4842番地1",631-0052,奈良市中町4842番地1,135.755997,34.672371
419,"coto mono","お土産物,玩具,雑貨","〒630-8382　奈良県奈良市公納堂町6西2",630-8382,奈良市公納堂町6,135.832870,34.677406
420,"ナオ セレクション","衣服,ベビー・子供用品,手芸用品,靴,身の回り品","〒630-8114　奈良県奈良市芝辻町2-11-16圭真ビル1F",630-8114,奈良市芝辻町2-11-16,135.813019,34.686001
421,"コープおしくま","百貨店,ショッピングモール,食品,飲料等","〒631-0011　奈良県奈良市押熊町1115",631-0011,奈良市押熊町1115,135.770508,34.721684
422,"Patisserie La Terrasse（パティスリー ラ・テラス あやめ池）","飲食店","〒631-0032　奈良県奈良市あやめ池北1丁目34-7HANA",631-0032,奈良市あやめ池北1丁目34-7,135.760193,34.698639
423,"LA TERRASSE ALL DAY DINING","飲食店","〒630-8226　奈良県奈良市小西町131F",630-8226,奈良市小西町13,135.827957,34.683456
424,"Sarah House","その他","〒630-8226　奈良県奈良市小西町132F",630-8226,奈良市小西町13,135.827957,34.683456
425,"辨天堂","お土産物,玩具,雑貨","〒630-8244　奈良県奈良市三条町473-1",630-8244,奈良市三条町473-1,135.822830,34.681381
426,"Lake Side SarahHouse","その他","〒631-0032　奈良県奈良市あやめ池北34-7HANA",631-0032,奈良市あやめ池北34-7,135.758896,34.700874
427,"ANDO HOTEL 奈良若草山","飲食店タクシー,宿泊業,旅行業","〒630-8202　奈良県奈良市川上町728",630-8202,奈良市川上町728,135.844284,34.698227
428,"市民生活協同組合ならコープ　コープ学園前","百貨店,ショッピングモール,食品,飲料等","〒631-0013　奈良県奈良市中山町西716-3",631-0013,奈良市中山町西716-3,135.753632,34.710495
429,"魚民   学園前北口駅前店","飲食店","〒631-0036　奈良県奈良市学園北1-1-12和幸ビル 2階",631-0036,奈良市学園北1-1-12,135.749939,34.697819
430,"市民生活協同組合ならコープ　コープ朱雀","百貨店,ショッピングモール,食品,飲料等","〒631-0806　奈良県奈良市朱雀６丁目9-5",631-0806,奈良市朱雀6丁目9-5,135.796967,34.716461
431,"魚民   ＪＲ奈良駅店","飲食店","〒630-8122　奈良県奈良市三条本町1-1ビエラ奈良 1階",630-8122,奈良市三条本町1-1,135.817139,34.677574
432,"白木屋   大和西大寺北口駅前店","飲食店","〒631-0821　奈良県奈良市西大寺東町2-1-53藤村ビル 1階",631-0821,奈良市西大寺東町2-1-53,135.784668,34.694042
433,"目利きの銀次   ＪＲ奈良駅前三条通り店","飲食店","〒630-8244　奈良県奈良市三条町500-1新三条ビル 2階",630-8244,奈良市三条町500-1,135.821198,34.681595
434,"山内農場   奈良三条通り店","飲食店","〒630-8246　奈良県奈良市油阪地方町4-1ミキビル 1階",630-8246,奈良市油阪地方町4-1,135.821579,34.682335
435,"ビッグマウンテンカフェアンドファーム","飲食店","〒630-8248　奈良県奈良市西新在家町20-1",630-8248,奈良市西新在家町20-1,135.824860,34.688194
436,"オランダ屋奈良店","飲食店","〒630-8108　奈良県奈良市法蓮佐保山3-1-23",630-8108,奈良市法蓮佐保山3-1-23,135.827789,34.698372
437,"オランダ屋富雄店","飲食店","〒631-0054　奈良県奈良市石木町631-1",631-0054,奈良市石木町631-1,135.763000,34.662926
438,"隆千穂","飲食店","〒630-8355　奈良県奈良市南魚屋町5-6",630-8355,奈良市南魚屋町5-6,135.825058,34.678810
439,"SAKE市場グランマルシェ押熊店","百貨店,ショッピングモール,食品,飲料等","〒631-0011　奈良県奈良市押熊町字西ノ谷2331－1",631-0011,奈良市押熊町字西ノ谷2331-1,135.767883,34.719131
440,"FAON","飲食店","〒630-8301　奈良県奈良市高畑町1122-12",630-8301,奈良市高畑町1122-12,135.832932,34.681702
441,"よしだTOY'S","衣服,ベビー・子供用品,手芸用品,靴,身の回り品お土産物,玩具,雑貨","〒630-8325　奈良県奈良市西木辻町211",630-8325,奈良市西木辻町211,135.826416,34.674625
442,"彩どり正よし","飲食店","〒631-0821　奈良県奈良市西大寺東町2丁目45-4",631-0821,奈良市西大寺東町2丁目45-4,135.784683,34.695065
443,"牛まぶし三山","飲食店","〒630-8212　奈良県奈良市春日野町11番地",630-8212,奈良市春日野町11番地,135.839111,34.684177
444,"有限会社　鯛清","飲食店","〒630-8114　奈良県奈良市芝辻町18",630-8114,奈良市芝辻町18,135.821655,34.685837
445,"オステリア　ヒロ","飲食店","〒630-8115　奈良県奈良市大宮町6-5-12アルファスクエアビル",630-8115,奈良市大宮町6-5-12,135.807877,34.685287
446,"erdal","百貨店,ショッピングモール,食品,飲料等","〒631-0014　奈良県奈良市朝日町1-2-32",631-0014,奈良市朝日町1-2-32,135.758408,34.705044
447,"auショップ奈良","家電,カメラ,携帯電話,電気工事","〒630-8325　奈良県奈良市西木辻町35-2",630-8325,奈良市西木辻町35-2,135.820404,34.675278
448,"古都屋","飲食店","〒630-8211　奈良県奈良市雑司町107",630-8211,奈良市雑司町107,135.835831,34.692394
449,"季節を愉しむ櫃屋","飲食店","〒630-8226　奈良県奈良市小西町23番地ホテル花小路1F",630-8226,奈良市小西町23番地,135.827133,34.683064
450,"居酒家喜蔵奈良店","飲食店","〒630-8227　奈良県奈良市林小路町23いそかわビル1階",630-8227,奈良市林小路町23,135.825653,34.682541
451,"ビストロ中華へいぞう","飲食店","〒630-8266　奈良県奈良市花芝町6プラザ花芝103",630-8266,奈良市花芝町6,135.828766,34.686535
452,"小料理　奈良","飲食店","〒630-8013　奈良県奈良市三条大路1丁目10-11タカハシビル",630-8013,奈良市三条大路1丁目10-11,135.801514,34.683315
453,"あしゅーら","飲食店","〒630-8314　奈良県奈良市川之上突抜町18-3",630-8314,奈良市川之上突抜町18-3,135.831772,34.674160
454,"ファミリーマート＋エムズドラッグ学園大和店","コンビニエンスストア,日用品薬,化粧品,調剤薬局,ドラッグストア","〒631-0041　奈良県奈良市学園大和町6丁目1542-44",631-0041,奈良市学園大和町6丁目1542-44,135.744415,34.690693
455,"エムズドラッグ奈良阪店","薬,化粧品,調剤薬局,ドラッグストア","〒630-8104　奈良県奈良市奈良阪町2265-3",630-8104,奈良市奈良阪町2265-3,135.835571,34.702827
456,"エムズドラッグ学園大和薬局","薬,化粧品,調剤薬局,ドラッグストア","〒631-0041　奈良県奈良市学園大和町6丁目1542-44",631-0041,奈良市学園大和町6丁目1542-44,135.744415,34.690693
457,"エムズドラッグ奈良阪薬局","薬,化粧品,調剤薬局,ドラッグストア","〒630-8104　奈良県奈良市奈良阪町2265-3",630-8104,奈良市奈良阪町2265-3,135.835571,34.702827
458,"カフェバル","飲食店","〒630-8043　奈良県奈良市六条1-1-5",630-8043,奈良市六条1-1-5,135.782898,34.668861
459,"ｍｏｉ","百貨店,ショッピングモール,食品,飲料等","〒631-0016　奈良県奈良市学園朝日町3-9シティパレス21学園前102号室",631-0016,奈良市学園朝日町3-9,135.752396,34.701321
460,"ファミリーマート奈良六条西店","ホームセンター","〒630-8044　奈良県奈良市六条西5丁目1-36",630-8044,奈良市六条西5丁目1-36,135.768661,34.666172
461,"家電住まいる館&YAMADA web.com奈良本店","家電,カメラ,携帯電話,電気工事","〒630-8031　奈良県奈良市柏木町463-4",630-8031,奈良市柏木町463-4,135.799530,34.671234
462,"メディケアサポート21ぷらいむトラベル西の京","タクシー,宿泊業,旅行業","〒630-8051　奈良県奈良市七条町95-1メディカルプラザ薬師西の京4階",630-8051,奈良市七条町95-1,135.791397,34.664482
463,"(株)ヤマダデンキ　ヤマダアウトレット館奈良店","家電,カメラ,携帯電話,電気工事","〒630-8453　奈良県奈良市西九条町5-3-13ニトリ奈良店テナント内",630-8453,奈良市西九条町5-3-13,135.797668,34.654293
464,"うどん専門店　釜粋","飲食店","〒630-8216　奈良県奈良市東向南町13-2",630-8216,奈良市東向南町13-2,135.828918,34.682663
465,"デリカテッセンイーハトーヴSora","飲食店百貨店,ショッピングモール,食品,飲料等","〒631-0064　奈良県奈良市帝塚山南４-11-14",631-0064,奈良市帝塚山南4-11-14,135.735077,34.678940
466,"アンダンテ農園","その他","〒630-8445　奈良県奈良市池田町247-1",630-8445,奈良市池田町247-1,135.817703,34.639561
467,"風流味覚　梁山泊","飲食店","〒630-8345　奈良県奈良市西城戸町13",630-8345,奈良市西城戸町13,135.825577,34.679474
468,"ファミリーマート奈良藤ノ木台店","コンビニエンスストア,日用品","〒631-0052　奈良県奈良市中町229番地の1",631-0052,奈良市中町229番地の1,135.757080,34.673649
469,"マルエスペット　富雄店","ペット,観賞魚","〒631-0054　奈良県奈良市石木町100番地の1",631-0054,奈良市石木町100番地の1,135.760086,34.664989
470,"マルエスペット　押熊店","ペット,観賞魚","〒631-0011　奈良県奈良市押熊町1451-1",631-0011,奈良市押熊町1451-1,135.766693,34.721378
471,"マルエスペット はんな店","ペット,観賞魚","〒631-0842　奈良県奈良市菅原東１丁目2番3号",631-0842,奈良市菅原東1丁目2番3号,135.779190,34.683926
472,"猫カフェ　心猫","ペット,観賞魚その他","〒630-8226　奈良県奈良市小西町5番アルテ館2階",630-8226,奈良市小西町5番,135.827957,34.682930
473,"SLOWJAM","衣服,ベビー・子供用品,手芸用品,靴,身の回り品","〒630-8374　奈良県奈良市今御門町2番地",630-8374,奈良市今御門町2番地,135.830673,34.680080
474,"お食事処　しみず弥","飲食店","〒631-0078　奈良県奈良市富雄元町4-1-23",631-0078,奈良市富雄元町4-1-23,135.733063,34.692474
475,"ウエムラ化粧院","薬,化粧品,調剤薬局,ドラッグストア","〒630-8224　奈良県奈良市角振町２５－１",630-8224,奈良市角振町25-1,135.827164,34.682289
476,"うなぎの川はら　押熊店","飲食店","〒631-0804　奈良県奈良市神功5-2-1",631-0804,奈良市神功5-2-1,135.771744,34.721371
477,"ジュンテンドー西ノ京店","ホームセンター","〒630-8043　奈良県奈良市六条2丁目19番17号",630-8043,奈良市六条2丁目19番17号,135.773911,34.671589
478,"うなぎの川はら　三条家","飲食店","〒630-8236　奈良県奈良市下三条町35",630-8236,奈良市下三条町35,135.824203,34.682201
479,"ホテル尾花","その他","〒630-8301　奈良県奈良市高畑町1110番地",630-8301,奈良市高畑町1110番地,135.833710,34.680328
480,"日本料理おばな（ホテル尾花地下１階）","飲食店","〒630-8301　奈良県奈良市高畑町1110番地",630-8301,奈良市高畑町1110番地,135.833710,34.680328
481,"柿の葉ずし登大路店","その他","〒630-8215　奈良県奈良市東向中町2-1",630-8215,奈良市東向中町2-1,135.828918,34.683792
482,"柿の葉ずしＪＲ奈良店","その他","〒630-8122　奈良県奈良市三条本町JNR-11ＪＲ奈良駅東口ロータリー",630-8122,奈良市三条本町JNR-11,135.818420,34.679401
483,"奈良銘品館三条通店","お土産物,玩具,雑貨","〒630-8244　奈良県奈良市三条町480",630-8244,奈良市三条町480,135.822189,34.681400
484,"奈良銘品館ＪＲ奈良駅店","お土産物,玩具,雑貨","〒630-8122　奈良県奈良市三条本町1-1ＪＲ奈良駅　ビエラ奈良２階",630-8122,奈良市三条本町1-1,135.817139,34.677574
485,"奈良銘品館奈良公園バスターミナル店","お土産物,玩具,雑貨","〒630-8213　奈良県奈良市登大路町76奈良公園バスターミナル　西棟１階南側",630-8213,奈良市登大路町76,135.834244,34.685051
486,"かすが茶屋","飲食店","〒630-8212　奈良県奈良市春日野町160奈良交通大仏殿春日大社前案内所内",630-8212,奈良市春日野町160,135.844284,34.682671
487,"HondaCars奈良中央　奈良中央店","自動車,バイク,タイヤ修理,車検","〒630-8031　奈良県奈良市柏木町585-4",630-8031,奈良市柏木町585-4,135.799591,34.675507
488,"HondaCars奈良中央　奈良神殿店","自動車,バイク,タイヤ修理,車検","〒630-8441　奈良県奈良市神殿町300-2",630-8441,奈良市神殿町300-2,135.819244,34.661808
489,"HondaCars奈良中央　登美ヶ丘店","自動車,バイク,タイヤ修理,車検","〒631-0004　奈良県奈良市登美ケ丘4-5-1",631-0004,奈良市登美ケ丘4-5-1,135.752029,34.715424
490,"HondaCars奈良中央　高の原店","自動車,バイク,タイヤ修理,車検","〒631-0805　奈良県奈良市右京1-5-2",631-0805,奈良市右京1-5-2,135.789200,34.723900
491,"シマダオート奈良店","自動車,バイク,タイヤ修理,車検","〒630-8021　奈良県奈良市尼辻町440",630-8021,奈良市尼辻町440,135.801224,34.677742
492,"シマダオート24号柏木店","自動車,バイク,タイヤ修理,車検","〒630-8031　奈良県奈良市柏木町585-4",630-8031,奈良市柏木町585-4,135.799591,34.675507
493,"イエローハット奈良店","自動車,バイク,タイヤ修理,車検その他","〒630-8021　奈良県奈良市尼辻町440",630-8021,奈良市尼辻町440,135.801224,34.677742
494,"イエローハット押熊店","自動車,バイク,タイヤ修理,車検その他","〒631-0804　奈良県奈良市神功1051-1ロイヤルホームセンター内",631-0804,奈良市神功1051-1,135.781372,34.722431
495,"ガリレオ車検奈良店","自動車,バイク,タイヤ修理,車検","〒630-8021　奈良県奈良市尼辻町440",630-8021,奈良市尼辻町440,135.801224,34.677742
496,"Ｊネットレンタカー奈良店","その他","〒630-8012　奈良県奈良市二条大路南4-3-1",630-8012,奈良市二条大路南4-3-1,135.790604,34.684483
497,"おひさま保育園","その他","〒630-8031　奈良県奈良市柏木町585-4",630-8031,奈良市柏木町585-4,135.799591,34.675507
498,"奈良 蔦屋書店","本,文具CD・DVDレンタル,ゲーム販売お土産物,玩具,雑貨","〒630-8013　奈良県奈良市三条大路1丁目691-1",630-8013,奈良市三条大路1丁目691-1,135.803040,34.683109
499,"丸源ラーメン二条大路店","飲食店","〒630-8012　奈良県奈良市二条大路南4丁目１－２１",630-8012,奈良市二条大路南4丁目1-21,135.791855,34.684536
500,"三洋堂書店大安寺店","本,文具CD・DVDレンタル,ゲーム販売","〒630-8141　奈良県奈良市南京終町２丁目285番地",630-8141,奈良市南京終町2丁目285番地,135.820923,34.669106
501,"cafe maru","飲食店","〒630-8337　奈良県奈良市脇戸町19",630-8337,奈良市脇戸町19,135.828552,34.678051
502,"bakery+ arinomamma","百貨店,ショッピングモール,食品,飲料等","〒631-0842　奈良県奈良市菅原東町1－22－13メゾンピュアⅡ",631-0842,奈良市菅原東町1-22-13,135.779541,34.685375
503,"ファミリーマート奈良宝来","コンビニエンスストア,日用品","〒631-0845　奈良県奈良市宝来1-3-2",631-0845,奈良市宝来1-3-2,135.781631,34.683125
504,"ファミリーマート奈良中町","コンビニエンスストア,日用品","〒631-0052　奈良県奈良市中町2571-3",631-0052,奈良市中町2571-3,135.747681,34.673046
505,"ファミリーマート奈良恋の窪店","コンビニエンスストア,日用品","〒630-8136　奈良県奈良市恋の窪3丁目7-6",630-8136,奈良市恋の窪3丁目7-6,135.807816,34.673431
506,"日昇自動車株式会社","自動車,バイク,タイヤ修理,車検","〒632-0251　奈良県奈良市針町678",632-0251,奈良市針町678,135.956833,34.615204
507,"ファミリーマート奈良白毫寺店","コンビニエンスストア,日用品","〒630-8302　奈良県奈良市白毫寺町504-2",630-8302,奈良市白毫寺町504-2,135.864502,34.668133
508,"ファミリーマート済生会奈良病院/S店","コンビニエンスストア,日用品","〒630-8145　奈良県奈良市八条4丁目643",630-8145,奈良市八条4丁目643,135.804886,34.668819
509,"Qoolaad hair salon","理美容,エステサロン","〒630-8221　奈良県奈良市元林院町17番地",630-8221,奈良市元林院町17番地,135.829651,34.681370
510,"ナナイロフルウツ","飲食店","〒630-8221　奈良県奈良市元林院町17番地1階",630-8221,奈良市元林院町17番地1階,135.829651,34.681370
511,"大和旬菜・魚・鶏　じゅん平","飲食店","〒630-8228　奈良県奈良市上三条町7メゾンドバンイノウエ1階",630-8228,奈良市上三条町7,135.826477,34.681660
512,"サン薬局西ノ京店","薬,化粧品,調剤薬局,ドラッグストア","〒630-8043　奈良県奈良市六条3-15-5",630-8043,奈良市六条3-15-5,135.776459,34.666813
513,"奈良ロイヤルホテル","飲食店銭湯,テーマパーク接骨院,整骨院,マッサージタクシー,宿泊業,旅行業","〒630-8001　奈良県奈良市法華寺町254-1",630-8001,奈良市法華寺町254-1,135.804840,34.687187
514,"hair tsuda 近鉄奈良駅前店","理美容,エステサロン","〒630-8226　奈良県奈良市小西町1番地の2",630-8226,奈良市小西町1番地の2,135.827957,34.682930
515,"喫茶去庵","その他","〒631-0803　奈良県奈良市山陵町349-5",631-0803,奈良市山陵町349-5,135.789200,34.699432
516,"tsu＊da hair ミ・ナーラ店","理美容,エステサロン","〒630-8012　奈良県奈良市二条大路南1-3-1ミ・ナーラ奈良店 2F",630-8012,奈良市二条大路南1-3-1,135.802902,34.684502
517,"関西スーパー奈良三条店","百貨店,ショッピングモール,食品,飲料等","〒630-8123　奈良県奈良市三条大宮町1番5号",630-8123,奈良市三条大宮町1番5号,135.813324,34.678593
518,"美容室 PRINK UP つだ 学園前店","理美容,エステサロン","〒631-0036　奈良県奈良市学園北1-14-5モンテクール学園前 1F",631-0036,奈良市学園北1-14-5,135.750092,34.699654
519,"クリーニングルビー（関西スーパー奈良三条店内）","クリーニング","〒630-8123　奈良県奈良市三条大宮町1番5号",630-8123,奈良市三条大宮町1番5号,135.813324,34.678593
520,"マルエスペットクリニック　ロイヤル院","ペット,観賞魚その他","〒630-8453　奈良県奈良市西九条町3-6-14ロイヤルホームセンター内",630-8453,奈良市西九条町3-6-14,135.801086,34.656315
521,"赤や　押熊店","家具,鍵,寝具,装飾その他","〒631-0011　奈良県奈良市押熊町1449-1",631-0011,奈良市押熊町1449-1,135.767883,34.719131
522,"炭火やきとり　やまと家","飲食店","〒630-8216　奈良県奈良市東向南町21奈良観光会館",630-8216,奈良市東向南町21,135.828491,34.682625
523,"サイクルベースあさひ押熊店","自転車","〒631-0011　奈良県奈良市押熊町1126-1",631-0011,奈良市押熊町1126-1,135.770508,34.721684
524,"すし居酒屋　両国さかなや道場　新大宮店","飲食店","〒630-8115　奈良県奈良市大宮町6-1-9啓林堂ビル１F",630-8115,奈良市大宮町6-1-9,135.811615,34.684639
525,"呑食処　れんと","飲食店","〒630-8012　奈良県奈良市二条大路南4丁目2-7ナガイビル2F",630-8012,奈良市二条大路南4丁目2-7,135.790756,34.684498
526,"Asukaトレーニングクラブ","接骨院,整骨院,マッサージその他","〒630-8268　奈良県奈良市大豆山町5",630-8268,奈良市大豆山町5,135.827271,34.686241
527,"珈琲一族","飲食店","〒630-8222　奈良県奈良市餅飯殿町33",630-8222,奈良市餅飯殿町33,135.828796,34.681133
528,"喫茶プラザ","飲食店","〒630-8115　奈良県奈良市大宮町6丁目1-11新大宮第二ビル1階",630-8115,奈良市大宮町6丁目1-11,135.811615,34.684639
529,"はんこ屋さん21奈良店","その他","〒630-8115　奈良県奈良市大宮町三丁目5-27",630-8115,奈良市大宮町三丁目5-27,135.811966,34.684284
530,"薬局タケダあやめ池店","薬,化粧品,調剤薬局,ドラッグストア","〒631-0033　奈良県奈良市あやめ池南2-1-41クリエイトビル",631-0033,奈良市あやめ池南2-1-41,135.761566,34.696880
531,"大黒屋","飲食店","〒630-8141　奈良県奈良市南京終町210-12",630-8141,奈良市南京終町210-12,135.828644,34.670517
532,"食房エスト","飲食店","〒631-0034　奈良県奈良市学園南1-1-15翔学園前101号",631-0034,奈良市学園南1-1-15,135.751862,34.696369
533,"ひるねこ","飲食店","〒630-8373　奈良県奈良市南市町2-1",630-8373,奈良市南市町2-1,135.829758,34.680672
534,"一久","飲食店","〒632-0221　奈良県奈良市都祁白石町５６７番地",632-0221,奈良市都祁白石町567番地,135.966248,34.600063
535,"花月堂","お土産物,玩具,雑貨","〒630-8218　奈良県奈良市樽井町猿沢商店街",630-8218,奈良市樽井町猿沢商店街,135.829880,34.681740
536,"焼肉工房わらく","飲食店","〒631-0076　奈良県奈良市富雄北１丁目3-11",631-0076,奈良市富雄北1丁目3-11,135.734833,34.694931
537,"産直市場よってって秋篠店","百貨店,ショッピングモール,食品,飲料等","〒631-0811　奈良県奈良市秋篠町1354",631-0811,奈良市秋篠町1354,135.774063,34.710121
538,"ちょい呑み　こまめ","飲食店","〒631-0827　奈良県奈良市西大寺小坊町8-4",631-0827,奈良市西大寺小坊町8-4,135.778870,34.695667
539,"にぎり長次郎押熊店","飲食店","〒631-0011　奈良県奈良市押熊町2144-3",631-0011,奈良市押熊町2144-3,135.762833,34.719254
540,"にぎり長次郎奈良二条大路店","飲食店","〒630-8012　奈良県奈良市二条大路南1-3-18",630-8012,奈良市二条大路南1-3-18,135.801071,34.684502
541,"ラ・フランボワーズ","飲食店","〒631-0007　奈良県奈良市松陽台3-4-8",631-0007,奈良市松陽台3-4-8,135.738007,34.715752
542,"Zu-Ro design","衣服,ベビー・子供用品,手芸用品,靴,身の回り品メガネ,時計,貴金属,コンタクトレンズ","〒630-8382　奈良県奈良市公納堂町11ならまち工房",630-8382,奈良市公納堂町11,135.832870,34.677406
543,"Jewelry Yoshiya","メガネ,時計,貴金属,コンタクトレンズ","〒630-8392　奈良県奈良市中院町22-5",630-8392,奈良市中院町22-5,135.830917,34.678661
544,"ベセル","飲食店衣服,ベビー・子供用品,手芸用品,靴,身の回り品","〒630-8216　奈良県奈良市東向南町5-1-2F",630-8216,奈良市東向南町5-1-2F,135.828918,34.682663
545,"ジャストセレクト","衣服,ベビー・子供用品,手芸用品,靴,身の回り品","〒630-8216　奈良県奈良市東向南町23-1コトモール　1F",630-8216,奈良市東向南町23-1,135.828491,34.682625
546,"エディオン　おしくま店","家電,カメラ,携帯電話,電気工事","〒631-0011　奈良県奈良市押熊町605",631-0011,奈良市押熊町605,135.773071,34.716850
547,"マツヤマ・プレミアムヘア-","理美容,エステサロン","〒630-8246　奈良県奈良市油阪地方町5番地マツヤマビル",630-8246,奈良市油阪地方町5番地,135.821579,34.682335
548,"群雀","飲食店","〒630-8353　奈良県奈良市柳町21番1群雀",630-8353,奈良市柳町21番1,135.824661,34.678947
549,"昭和酒場大西","飲食店","〒630-8115　奈良県奈良市大宮町6丁目9-6axe大宮101号",630-8115,奈良市大宮町6丁目9-6,135.810501,34.685104
550,"ソリアフィールド奈良","その他","〒631-0844　奈良県奈良市宝来町1230番地",631-0844,奈良市宝来町1230番地,135.755493,34.686501
551,"エディオン　ミ・ナーラ店","家電,カメラ,携帯電話,電気工事","〒630-8012　奈良県奈良市二条大路南1-3-1ミ・ナーラ4階",630-8012,奈良市二条大路南1-3-1,135.802902,34.684502
552,"サン薬局学園前店","薬,化粧品,調剤薬局,ドラッグストア","〒631-0036　奈良県奈良市学園北1-14-13メディカル学園前1F",631-0036,奈良市学園北1-14-13,135.750778,34.699711
553,"和田サイクルモータース","自動車,バイク,タイヤ修理,車検自転車","〒630-8301　奈良県奈良市高畑町106番地",630-8301,奈良市高畑町106番地,135.841629,34.670582
554,"ランドセルの木ノ下","衣服,ベビー・子供用品,手芸用品,靴,身の回り品その他","〒630-8424　奈良県奈良市古市町1369-10",630-8424,奈良市古市町1369-10,135.833252,34.662689
555,"ドラッグユタカ　押熊店","薬,化粧品,調剤薬局,ドラッグストア","〒631-0011　奈良県奈良市押熊町1476-1",631-0011,奈良市押熊町1476-1,135.768326,34.720253
556,"和食さと新大宮店","飲食店","〒630-8114　奈良県奈良市芝辻町3-9-17",630-8114,奈良市芝辻町3-9-17,135.812210,34.687420
557,"cafe＆bistro ensoleille","飲食店","〒630-8113　奈良県奈良市法蓮町166-1シャトレー井田1F-A",630-8113,奈良市法蓮町166-1,135.812927,34.688984
558,"cfarm近鉄奈良店","飲食店","〒630-8215　奈良県奈良市東向中町10",630-8215,奈良市東向中町10,135.828918,34.683792
559,"朝日温泉","銭湯,テーマパーク","〒630-8323　奈良県奈良市京終地方東側町20",630-8323,奈良市京終地方東側町20,135.826996,34.672199
560,"アベ美容室ACT.2","理美容,エステサロン","〒630-8344　奈良県奈良市東城戸町45番地",630-8344,奈良市東城戸町45番地,135.827255,34.679836
561,"ラ　クチネッタ　ヤマオカ","飲食店","〒631-0827　奈良県奈良市西大寺小坊町8-4",631-0827,奈良市西大寺小坊町8-4,135.778870,34.695667
562,"山崎屋本店","百貨店,ショッピングモール,食品,飲料等","〒630-8216　奈良県奈良市東向南町5",630-8216,奈良市東向南町5,135.828918,34.682663
563,"山崎屋宝来店","百貨店,ショッピングモール,食品,飲料等","〒631-0844　奈良県奈良市宝来町981-1",631-0844,奈良市宝来町981-1,135.769821,34.685150
564,"山崎屋学園前店","百貨店,ショッピングモール,食品,飲料等","〒631-0036　奈良県奈良市学園北1-9-1パラディ学園前B1",631-0036,奈良市学園北1-9-1,135.750946,34.697975
565,"山崎屋JR奈良店","百貨店,ショッピングモール,食品,飲料等","〒630-8122　奈良県奈良市三条本町1-1JR奈良駅構内　ビエラ奈良2F",630-8122,奈良市三条本町1-1,135.817139,34.677574
566,"奈良みやげ横丁","お土産物,玩具,雑貨","〒630-8216　奈良県奈良市東向南町5山崎屋本店奥",630-8216,奈良市東向南町5,135.828918,34.682663
567,"茶論 奈良町店","飲食店百貨店,ショッピングモール,食品,飲料等","〒630-8221　奈良県奈良市元林院町31-1",630-8221,奈良市元林院町31-1,135.829636,34.681026
568,"一条本店","飲食店","〒630-8115　奈良県奈良市大宮町6丁目3－26",630-8115,奈良市大宮町6丁目3-26,135.808212,34.684624
569,"マクドナルドならファミリー店","飲食店","〒631-0821　奈良県奈良市西大寺東町2-4-1ならファミリー地下1階",631-0821,奈良市西大寺東町2-4-1,135.785141,34.695045
570,"一条新大宮駅前店","飲食店","〒630-8115　奈良県奈良市大宮町6丁目1－2",630-8115,奈良市大宮町6丁目1-2,135.811615,34.684639
571,"一条奈良三条通店","飲食店","〒630-8217　奈良県奈良市橋本町26-3ときわビル",630-8217,奈良市橋本町26-3,135.828613,34.681683
572,"一条東向通店","飲食店","〒630-8216　奈良県奈良市東向南町15",630-8216,奈良市東向南町15,135.828918,34.682663
573,"HERO","飲食店","〒630-8431　奈良県奈良市窪之庄町65-1",630-8431,奈良市窪之庄町65-1,135.833755,34.636120
574,"なかい食堂","飲食店","〒630-8431　奈良県奈良市窪之庄町64",630-8431,奈良市窪之庄町64,135.833755,34.636120
575,"ワインの王子様","百貨店,ショッピングモール,食品,飲料等","〒630-8264　奈良県奈良市鍋屋町52",630-8264,奈良市鍋屋町52,135.830475,34.686981
576,"吉野葛佐久良　染織工芸二塚","飲食店お土産物,玩具,雑貨","〒630-8336　奈良県奈良市高御門町２番地",630-8336,奈良市高御門町2番地,135.829300,34.677406
577,"canata conata","お土産物,玩具,雑貨","〒630-8221　奈良県奈良市元林院町35",630-8221,奈良市元林院町35,135.829636,34.681026
578,"ポンテロッソ","飲食店","〒630-8226　奈良県奈良市小西町2",630-8226,奈良市小西町2,135.827957,34.682930
579,"セガミ薬局　朱雀店","薬,化粧品,調剤薬局,ドラッグストア","〒631-0806　奈良県奈良市朱雀６丁目９－５コープ　朱雀店別棟",631-0806,奈良市朱雀6丁目9-5,135.796967,34.716461
580,"ココカラファイン薬局七条店","薬,化粧品,調剤薬局,ドラッグストア","〒630-8054　奈良県奈良市七条西町２丁目１１００番地",630-8054,奈良市七条西町2丁目1100番地,135.767883,34.662327
581,"サン薬局　奈良店","薬,化粧品,調剤薬局,ドラッグストア","〒630-8266　奈良県奈良市花芝町２９",630-8266,奈良市花芝町29,135.829056,34.686321
582,"ドラッグセガミ　朱雀店","薬,化粧品,調剤薬局,ドラッグストア","〒631-0806　奈良県奈良市朱雀６丁目９－５コープ朱雀店別棟",631-0806,奈良市朱雀6丁目9-5,135.796967,34.716461
583,"ココカラファイン　北登美ケ丘店","薬,化粧品,調剤薬局,ドラッグストア","〒631-0001　奈良県奈良市北登美ケ丘６丁目１１番１号",631-0001,奈良市北登美ケ丘6丁目11番1号,135.769714,34.723782
584,"ココカラファイン　イオンタウン富雄南店","薬,化粧品,調剤薬局,ドラッグストア","〒631-0054　奈良県奈良市石木町１００番地１イオンタウン富雄南内１０４",631-0054,奈良市石木町100番地1,135.760086,34.664989
585,"ココカラファイン七条店","薬,化粧品,調剤薬局,ドラッグストア","〒630-8054　奈良県奈良市七条西町２丁目１１００番地",630-8054,奈良市七条西町2丁目1100番地,135.767883,34.662327
586,"炭火ITALIAN・WINE BAR 元町NEWS","飲食店","〒631-0078　奈良県奈良市富雄元町2-3-12ライフコート富雄１F",631-0078,奈良市富雄元町2-3-12,135.734726,34.693222
587,"エビスヤ","衣服,ベビー・子供用品,手芸用品,靴,身の回り品お土産物,玩具,雑貨","〒630-8228　奈良県奈良市上三条町6番地",630-8228,奈良市上三条町6番地,135.826477,34.681660
588,"yuubi beauty salon 学園前","理美容,エステサロン","〒630-0034　奈良県奈良市学園南1-1-7",630-0034,奈良市学園南1-1-7,135.752380,34.696697
589,"Treasure","衣服,ベビー・子供用品,手芸用品,靴,身の回り品","〒631-0035　奈良県奈良市学園中3-705-64",631-0035,奈良市学園中3-705-64,135.744156,34.693710
590,"ベヌ・エ・ボヌール","衣服,ベビー・子供用品,手芸用品,靴,身の回り品","〒630-8214　奈良県奈良市東向北町27",630-8214,奈良市東向北町27,135.828949,34.685017
591,"千代の舎竹村","百貨店,ショッピングモール,食品,飲料等","〒630-8216　奈良県奈良市東向南町22",630-8216,奈良市東向南町22,135.828491,34.682625
592,"カフェミル","飲食店","〒631-0006　奈良県奈良市西登美ケ丘1-4-12",631-0006,奈良市西登美ケ丘1-4-12,135.745193,34.713867
593,"アジアンテラス Chuan","飲食店百貨店,ショッピングモール,食品,飲料等","〒631-0004　奈良県奈良市登美ケ丘3丁目2－10コスモビル1階",631-0004,奈良市登美ケ丘3丁目2-10,135.750153,34.714718
594,"仕出し　山海　(デリバリーサービス)","飲食店","〒630-8453　奈良県奈良市西九条町２丁目３－１２",630-8453,奈良市西九条町2丁目3-12,135.808411,34.656094
595,"広島焼　雪風","飲食店","〒631-0036　奈良県奈良市学園北2丁目1-6セブンスターマンション1F",631-0036,奈良市学園北2丁目1-6,135.752045,34.697800
596,"ハートアップ奈良学園前店","メガネ,時計,貴金属,コンタクトレンズ","〒631-0036　奈良県奈良市学園北1-1-1ル・シエル学園前北ビル3階305号室ーA",631-0036,奈良市学園北1-1-1,135.750168,34.697693
597,"SweetsTAKEMURA","百貨店,ショッピングモール,食品,飲料等","〒630-8305　奈良県奈良市東紀寺町2-1-1奈良アサカハイツ西101",630-8305,奈良市東紀寺町2-1-1,135.838760,34.673653
598,"デイリーカナートイズミヤ新大宮店","百貨店,ショッピングモール,食品,飲料等コンビニエンスストア,日用品","〒630-8127　奈良県奈良市三条添川町５番３３号",630-8127,奈良市三条添川町5番33号,135.810532,34.681885
599,"KOHYOJR奈良店","百貨店,ショッピングモール,食品,飲料等","〒630-8122　奈良県奈良市三条本町１－１ビエラ奈良１Ｆ",630-8122,奈良市三条本町1-1,135.817139,34.677574
600,"マックハウス　スーパーストアフューチャー　ミ・ナーラ店","衣服,ベビー・子供用品,手芸用品,靴,身の回り品","〒630-8012　奈良県奈良市二条大路南1-3-1ミ・ナーラ2F",630-8012,奈良市二条大路南1-3-1,135.802902,34.684502
601,"有限会社　アトム電器尼ヶ辻店","家電,カメラ,携帯電話,電気工事","〒630-8014　奈良県奈良市四条大路5-5-6",630-8014,奈良市四条大路5-5-6,135.788574,34.681290
602,"焼肉工房もく　西大寺店","飲食店","〒631-0817　奈良県奈良市西大寺北町1-4-20宮木ビル",631-0817,奈良市西大寺北町1-4-20,135.779648,34.696182
603,"焼肉工房もく　新大宮店","飲食店","〒630-8115　奈良県奈良市大宮町3-5-44第3宝ハイツ1FB",630-8115,奈良市大宮町3-5-44,135.813126,34.683697
604,"焼肉工房もく　近鉄奈良奈良店","飲食店","〒630-8226　奈良県奈良市小西町5アルテ館2階A",630-8226,奈良市小西町5,135.827957,34.682930
605,"ぎん舎利","飲食店","〒630-8115　奈良県奈良市大宮町6丁目6-6文屋ビル2F",630-8115,奈良市大宮町6丁目6-6,135.808502,34.685246
606,"紀寺の家","飲食店タクシー,宿泊業,旅行業","〒630-8306　奈良県奈良市紀寺町779",630-8306,奈良市紀寺町779,135.834045,34.674538
607,"髙林整体院","その他","〒631-0033　奈良県奈良市あやめ池南2丁目5-16シティーパレス P-8 102号",631-0033,奈良市あやめ池南2丁目5-16,135.764175,34.696609
608,"ホテル花小路","衣服,ベビー・子供用品,手芸用品,靴,身の回り品お土産物,玩具,雑貨タクシー,宿泊業,旅行業","〒630-8226　奈良県奈良市小西町23",630-8226,奈良市小西町23,135.827133,34.683064
609,"キタハタ電器","家電,カメラ,携帯電話,電気工事","〒631-0804　奈良県奈良市神功4丁目13-7",631-0804,奈良市神功4丁目13-7,135.777023,34.719810
610,"自分薬局　あやめ池","薬,化粧品,調剤薬局,ドラッグストア","〒631-0033　奈良県奈良市あやめ池南2-2-7",631-0033,奈良市あやめ池南2-2-7,135.761978,34.697742
611,"自分薬局　奈良","薬,化粧品,調剤薬局,ドラッグストア","〒630-8122　奈良県奈良市三条本町2-20マツダオフィスビル1F",630-8122,奈良市三条本町2-20,135.819901,34.679947
612,"自分薬局　宝来","薬,化粧品,調剤薬局,ドラッグストア","〒631-0844　奈良県奈良市宝来町1270-19",631-0844,奈良市宝来町1270-19,135.761230,34.685062
613,"すき焼きと牛まぶし　ももしき　奈良本店","飲食店","〒630-8215　奈良県奈良市東向中町5-1",630-8215,奈良市東向中町5-1,135.828918,34.683792
614,"居間焼肉　百欒　登美ケ丘店","飲食店","〒631-0003　奈良県奈良市中登美ケ丘6丁目7番31号",631-0003,奈良市中登美ケ丘6丁目7番31号,135.751266,34.723072
615,"よしのや","その他","〒630-8291　奈良県奈良市西笹鉾町42番地",630-8291,奈良市西笹鉾町42番地,135.830811,34.689926
616,"自分薬局　中登美ヶ丘","薬,化粧品,調剤薬局,ドラッグストア","〒631-0003　奈良県奈良市中登美ケ丘3-2ローレルスクエア登美ヶ丘東館Ⅱ102号",631-0003,奈良市中登美ケ丘3-2,135.750412,34.721794
617,"自分薬局　西大寺","薬,化粧品,調剤薬局,ドラッグストア","〒631-0824　奈良県奈良市西大寺南町17-3カーサ・ウェルネス101号",631-0824,奈良市西大寺南町17-3,135.781631,34.690296
618,"自分薬局　阪奈西大寺","薬,化粧品,調剤薬局,ドラッグストア","〒631-0842　奈良県奈良市菅原町東2丁目18-19",631-0842,奈良市菅原町東2丁目18-19,135.774643,34.686794
619,"天然湧出温泉　ゆららの湯　奈良店","飲食店銭湯,テーマパーク","〒630-8145　奈良県奈良市八条5丁目351-1",630-8145,奈良市八条5丁目351-1,135.802353,34.669411
620,"天然湧出温泉　ゆららの湯　押熊店","飲食店銭湯,テーマパーク","〒631-0011　奈良県奈良市押熊町2147-1",631-0011,奈良市押熊町2147-1,135.765869,34.718105
621,"マツモトキヨシ大和西大寺駅前店","薬,化粧品,調剤薬局,ドラッグストア","〒631-0821　奈良県奈良市西大寺東町2-1-63",631-0821,奈良市西大寺東町2-1-63,135.783539,34.694023
622,"かんとりい","百貨店,ショッピングモール,食品,飲料等","〒631-0002　奈良県奈良市東登美ケ丘4-16-5",631-0002,奈良市東登美ケ丘4-16-5,135.758301,34.722023
623,"ハッスル２押熊店","百貨店,ショッピングモール,食品,飲料等","〒631-0011　奈良県奈良市押熊町1443-1",631-0011,奈良市押熊町1443-1,135.766693,34.721378
624,"Mary Poppins Pochette","衣服,ベビー・子供用品,手芸用品,靴,身の回り品","〒630-8222　奈良県奈良市餅飯殿町24-2",630-8222,奈良市餅飯殿町24-2,135.829193,34.681015
625,"ミルフォード","百貨店,ショッピングモール,食品,飲料等","〒631-0041　奈良県奈良市学園大和町5ー179",631-0041,奈良市学園大和町5-179,135.744965,34.689350
626,"スーパーマーケットKINSHO　学園前店","百貨店,ショッピングモール,食品,飲料等","〒631-0036　奈良県奈良市学園北１丁目１０番１号",631-0036,奈良市学園北1丁目10番1号,135.750885,34.698238
627,"Harves　あやめ池店","百貨店,ショッピングモール,食品,飲料等","〒631-0032　奈良県奈良市あやめ池北１丁目３７番１０号",631-0032,奈良市あやめ池北1丁目37番10号,135.761475,34.698631
628,"御菓子司　鶴屋徳満　本店","百貨店,ショッピングモール,食品,飲料等","〒630-8365　奈良県奈良市下御門町29番地",630-8365,奈良市下御門町29番地,135.829269,34.679035
629,"スーパーマーケットKINSHO　高の原店","百貨店,ショッピングモール,食品,飲料等","〒631-0805　奈良県奈良市右京１丁目３－４サンタウンプラザすずらん館内",631-0805,奈良市右京1丁目3-4,135.789246,34.722092
630,"スーパーマーケットKINSHO　西大寺店","百貨店,ショッピングモール,食品,飲料等","〒631-0823　奈良県奈良市西大寺国見町１丁目１番１２７号",631-0823,奈良市西大寺国見町1丁目1番127号,135.782928,34.693844
631,"御菓子司　鶴屋徳満　三条店","百貨店,ショッピングモール,食品,飲料等","〒630-8223　奈良県奈良市角振新屋町4番地",630-8223,奈良市角振新屋町4番地,135.827881,34.681591
632,"Harves　松陽台店","百貨店,ショッピングモール,食品,飲料等","〒631-0007　奈良県奈良市松陽台３丁目１７番１０号",631-0007,奈良市松陽台3丁目17番10号,135.736038,34.716290
633,"Cafe&Dining Tigre","飲食店","〒630-8114　奈良県奈良市芝辻町4-10-12-101サンハイツ上村",630-8114,奈良市芝辻町4-10-12-101,135.808823,34.686855
634,"中華料理　福吉","飲食店","〒631-0011　奈良県奈良市押熊町1051-2ナラヤマエステートビル1F",631-0011,奈良市押熊町1051-2,135.770584,34.723560
635,"横田福栄堂","百貨店,ショッピングモール,食品,飲料等","〒630-8002　奈良県奈良市二条町一丁目３番１７号",630-8002,奈良市二条町一丁目3番17号,135.789612,34.695248
636,"をかし東城","その他","〒630-8392　奈良県奈良市中院町20",630-8392,奈良市中院町20,135.831223,34.678020
637,"食道園　奈良学園前店","飲食店","〒631-0041　奈良県奈良市学園大和町2-124",631-0041,奈良市学園大和町2-124,135.752121,34.685715
638,"食道園　パラディ学園前店","飲食店","〒631-0036　奈良県奈良市学園北1-9-1パラディ南館４Ｆ",631-0036,奈良市学園北1-9-1,135.750946,34.697975
639,"居酒屋　天うま","飲食店","〒630-8225　奈良県奈良市西御門町11-11プライムビル6F",630-8225,奈良市西御門町11-11,135.827148,34.684616
640,"レストラン　杉の家","飲食店","〒632-0245　奈良県奈良市藺生町2016-2",632-0245,奈良市藺生町2016-2,135.935730,34.587055
641,"Hair Make eines．．．","理美容,エステサロン","〒630-8115　奈良県奈良市大宮町4-465オーヤビル",630-8115,奈良市大宮町4-465,135.807648,34.683498
642,"もつ鍋　おいで","飲食店","〒630-8127　奈良県奈良市三条添川町3-1",630-8127,奈良市三条添川町3-1,135.811890,34.681862
643,"ファミリーマート西登美ケ丘","コンビニエンスストア,日用品","〒631-0006　奈良県奈良市西登美ケ丘5-1-1",631-0006,奈良市西登美ケ丘5-1-1,135.738281,34.715752
644,"ボカロス","飲食店","〒630-8266　奈良県奈良市花芝町16-1第二丸谷ビル1階",630-8266,奈良市花芝町16-1,135.829056,34.686321
645,"CAFE Luce","飲食店","〒630-8224　奈良県奈良市角振町25-3",630-8224,奈良市角振町25-3,135.827164,34.682289
646,"ファミリーマート奈良三条檜町店","コンビニエンスストア,日用品","〒630-8124　奈良県奈良市三条桧町635-5",630-8124,奈良市三条桧町635-5,135.809555,34.678360
647,"ポポロ","百貨店,ショッピングモール,食品,飲料等","〒630-8264　奈良県奈良市鍋屋町51",630-8264,奈良市鍋屋町51,135.830582,34.686714
648,"ライトカメラ","家電,カメラ,携帯電話,電気工事","〒630-8217　奈良県奈良市橋本町3",630-8217,奈良市橋本町3,135.829239,34.681725
649,"京小づち","飲食店","〒630-8365　奈良県奈良市下御門町21",630-8365,奈良市下御門町21,135.828705,34.678940
650,"やきとり大吉奈良西大寺店","飲食店","〒631-0815　奈良県奈良市西大寺新町1-1河辺ビル1F",631-0815,奈良市西大寺新町1-1,135.782257,34.696510
651,"吉四六","飲食店","〒631-0004　奈良県奈良市登美ケ丘103",631-0004,奈良市登美ケ丘103,135.748581,34.707306
652,"とんかつがんこ奈良店","飲食店","〒630-8215　奈良県奈良市東向中町2月19日",630-8215,奈良市東向中町2月19日,135.828918,34.683792
653,"河内鴨と旬菜　雅庵","飲食店","〒630-8114　奈良県奈良市芝辻町507-1第２中村ビル102",630-8114,奈良市芝辻町507-1,135.821655,34.685837
654,"炭火焼のんき","飲食店","〒630-8241　奈良県奈良市高天町1月21日",630-8241,奈良市高天町1月21日,135.826447,34.684647
655,"市民生活協同組合ならコープ　西奈良支所","百貨店,ショッピングモール,食品,飲料等","〒631-0844　奈良県奈良市宝来町1064-1",631-0844,奈良市宝来町1064-1,135.755493,34.686501
656,"バルイーパ","飲食店","〒630-8225　奈良県奈良市西御門町11月11日プライムビル地下一階",630-8225,奈良市西御門町11月11日,135.827148,34.684616
657,"中国料理　喜久龍","飲食店","〒630-8014　奈良県奈良市四条大路1丁目2月20日",630-8014,奈良市四条大路1丁目2月20日,135.805206,34.681030
658,"朱雀技研","お土産物,玩具,雑貨","〒630-8342　奈良県奈良市南袋町6月12日トーマスビル4階",630-8342,奈良市南袋町6月12日,135.826126,34.676487
659,"ファミリーマート近鉄富雄駅ホーム店","コンビニエンスストア,日用品","〒631-0078　奈良県奈良市富雄元町２丁目３－３５近鉄富雄駅",631-0078,奈良市富雄元町2丁目3-35,135.734589,34.693645
660,"ファミリーマート近鉄学園前駅２番ホーム中央店","コンビニエンスストア,日用品","〒631-0034　奈良県奈良市学園南３丁目１－１",631-0034,奈良市学園南3丁目1-1,135.750397,34.696838
661,"ファミリーマート近鉄学園前駅店","コンビニエンスストア,日用品","〒631-0034　奈良県奈良市学園南１丁目 １－１－１０３",631-0034,奈良市学園南1丁目,135.754227,34.695580
662,"ファミリーマート近鉄西大寺駅改札内橋上店","コンビニエンスストア,日用品","〒631-0823　奈良県奈良市西大寺国見町１丁目１－１",631-0823,奈良市西大寺国見町1丁目1-1,135.782928,34.693844
663,"ファミリーマート近鉄西大寺駅改札外橋上店","コンビニエンスストア,日用品","〒631-0823　奈良県奈良市西大寺国見町１丁目１－１",631-0823,奈良市西大寺国見町1丁目1-1,135.782928,34.693844
664,"餃子の王将針インター店","飲食店","〒632-0251　奈良県奈良市針町481-3",632-0251,奈良市針町481-3,135.956833,34.615204
665,"みやけ　旧鴻池邸表屋","飲食店","〒631-0065　奈良県奈良市鳥見町2001/5/1",631-0065,奈良市鳥見町2001/5/1,135.728714,34.691368
666,"ファミリーマート近鉄西大寺駅３番ホーム店","コンビニエンスストア,日用品","〒631-0823　奈良県奈良市西大寺国見町１丁目１－１",631-0823,奈良市西大寺国見町1丁目1-1,135.782928,34.693844
667,"天理スタミナラーメン針テラス店","飲食店","〒632-0251　奈良県奈良市針町346南館1-4",632-0251,奈良市針町346,135.956833,34.615204
668,"ファミリーマート近鉄奈良駅改札内店","コンビニエンスストア,日用品","〒630-8215　奈良県奈良市東向中町29",630-8215,奈良市東向中町29,135.828827,34.683727
669,"小西通商店街振興組合","その他","〒630-8224　奈良県奈良市角振町28ビルまあぁろー５階605号室",630-8224,奈良市角振町28,135.827164,34.682289
670,"ファミリーマート中登美ｹ丘六丁目店","コンビニエンスストア,日用品クリーニング","〒631-0003　奈良県奈良市中登美ケ丘６丁目１５",631-0003,奈良市中登美ケ丘6丁目15,135.746399,34.722733
671,"ファミリーマート近鉄高の原駅改札内橋上店","コンビニエンスストア,日用品","〒631-0806　奈良県奈良市朱雀３丁目１２－３",631-0806,奈良市朱雀3丁目12-3,135.792068,34.722168
672,"味楽座学園前店","飲食店","〒631-0036　奈良県奈良市学園北１丁目１番１号ル・シエル学園前内２０１号",631-0036,奈良市学園北1丁目1番1号,135.750168,34.697693
673,"ラーメン　楓","飲食店","〒630-8115　奈良県奈良市大宮町6丁目9-1新大宮ビル1F105",630-8115,奈良市大宮町6丁目9-1,135.810501,34.685104
674,"麺ざんまい学園前店","飲食店","〒631-0036　奈良県奈良市学園北１丁目１番１号ル・シエル学園前内２０１号",631-0036,奈良市学園北1丁目1番1号,135.750168,34.697693
675,"ショッピングプラザたけよし","百貨店,ショッピングモール,食品,飲料等コンビニエンスストア,日用品薬,化粧品,調剤薬局,ドラッグストア","〒632-0221　奈良県奈良市都祁白石町1016",632-0221,奈良市都祁白石町1016,135.966248,34.600063
676,"プライスカット西の京店","百貨店,ショッピングモール,食品,飲料等","〒630-8043　奈良県奈良市六条2丁目952番地の1",630-8043,奈良市六条2丁目952番地の1,135.773666,34.669968
677,"やまや　紀寺店","百貨店,ショッピングモール,食品,飲料等","〒630-8304　奈良県奈良市南肘塚町204-1",630-8304,奈良市南肘塚町204-1,135.831970,34.667103
678,"やまや　菅原店","百貨店,ショッピングモール,食品,飲料等","〒631-0842　奈良県奈良市菅原町637-1",631-0842,奈良市菅原町637-1,135.772491,34.687279
679,"ヘルシーごはん＆カフェ　遊","飲食店","〒630-8301　奈良県奈良市高畑町986-1",630-8301,奈良市高畑町986-1,135.836212,34.677387
680,"まさら庵TAKUMI","飲食店","〒631-0052　奈良県奈良市中町2281",631-0052,奈良市中町2281,135.742249,34.679955
681,"cafe oasis","飲食店","〒630-8226　奈良県奈良市小西町1月8日Axeunit1F",630-8226,奈良市小西町1月8日,135.827957,34.682930
682,"ローソン奈良南京終店","コンビニエンスストア,日用品","〒630-8141　奈良県奈良市南京終町668-1",630-8141,奈良市南京終町668-1,135.824448,34.664871
683,"やきとり一番富雄駅前店","飲食店","〒631-0078　奈良県奈良市富雄元町2丁目4-5マンション木村",631-0078,奈良市富雄元町2丁目4-5,135.735046,34.693356
684,"びっくりドンキー奈良学園前","飲食店","〒631-0041　奈良県奈良市学園大和町2-126",631-0041,奈良市学園大和町2-126,135.754089,34.684692
685,"khsタクシー","タクシー,宿泊業,旅行業","〒631-0072　奈良県奈良市二名3丁目952-1",631-0072,奈良市二名3丁目952-1,135.731522,34.704960
686,"杉本電気","家電,カメラ,携帯電話,電気工事","〒632-0111　奈良県奈良市小倉町１０１７番地の１",632-0111,奈良市小倉町1017番地の1,135.986267,34.618881
687,"鮨みや古","飲食店","〒632-0221　奈良県奈良市都祁白石町１２５０番地",632-0221,奈良市都祁白石町1250番地,135.966248,34.600063
688,"うどん処花むら","飲食店","〒632-0221　奈良県奈良市都祁白石町９８５－１",632-0221,奈良市都祁白石町985-1,135.966248,34.600063
689,"osteria YU RU RI","飲食店","〒630-8216　奈良県奈良市東向南町13-1 2階",630-8216,奈良市東向南町13-1,135.828918,34.682663
690,"クリーニングぴゅあらんど　東向北店","クリーニング","〒630-8214　奈良県奈良市東向北町１７川井ビル1F",630-8214,奈良市東向北町17,135.828690,34.685520
691,"クリーニングぴゅあらんど　大和店","クリーニング","〒631-0041　奈良県奈良市学園大和町１丁目１－１６",631-0041,奈良市学園大和町1丁目1-16,135.746689,34.687824
692,"串揚げ　ひょっとこ","飲食店","〒630-8115　奈良県奈良市大宮町2丁目4-5",630-8115,奈良市大宮町2丁目4-5,135.815460,34.683235
693,"一兆","飲食店","〒630-8226　奈良県奈良市小西町1-7西口ビル",630-8226,奈良市小西町1-7,135.827957,34.682930
694,"Bar Fiddich","飲食店","〒630-8373　奈良県奈良市南市町4植畑ビル2階",630-8373,奈良市南市町4,135.829758,34.680672
695,"プライスカット法蓮店","百貨店,ショッピングモール,食品,飲料等","〒630-8113　奈良県奈良市法蓮町338",630-8113,奈良市法蓮町338,135.816895,34.690548
696,"市民生活協同組合ならコープ　七条店","百貨店,ショッピングモール,食品,飲料等","〒630-8054　奈良県奈良市七条西町2丁目1100番地",630-8054,奈良市七条西町2丁目1100番地,135.767883,34.662327
697,"小倉山荘　登美ヶ丘店","百貨店,ショッピングモール,食品,飲料等","〒631-0003　奈良県奈良市中登美ケ丘6丁目15番26号",631-0003,奈良市中登美ケ丘6丁目15番26号,135.745651,34.722267
698,"半藏","飲食店","〒630-8247　奈良県奈良市油阪町11-4第一中村ビル４階",630-8247,奈良市油阪町11-4,135.821030,34.682484
699,"お好み焼き パルコ","飲食店","〒630-8393　奈良県奈良市鶴福院町1-1",630-8393,奈良市鶴福院町1-1,135.831757,34.679047
700,"ウエルシア奈良西木辻店","薬,化粧品,調剤薬局,ドラッグストア","〒630-8325　奈良県奈良市西木辻町130番地の4",630-8325,奈良市西木辻町130番地の4,135.825241,34.672989
701,"銀座四川学園前店","飲食店","〒631-0036　奈良県奈良市学園北１丁目１番号ル・シエル学園前２階",631-0036,奈良市学園北1丁目1番号,135.749893,34.697189
702,"ウエルシア奈良南肘塚店","薬,化粧品,調剤薬局,ドラッグストア","〒630-8304　奈良県奈良市南肘塚町253番地",630-8304,奈良市南肘塚町253番地,135.831970,34.667103
703,"ウエルシア奈良法蓮店","薬,化粧品,調剤薬局,ドラッグストア","〒630-8113　奈良県奈良市法蓮町705-1",630-8113,奈良市法蓮町705-1,135.817108,34.691936
704,"ウエルシア奈良駅前店","薬,化粧品,調剤薬局,ドラッグストア","〒630-8115　奈良県奈良市大宮町1-3-8",630-8115,奈良市大宮町1-3-8,135.818008,34.682011
705,"ウエルシア奈良法華寺店","薬,化粧品,調剤薬局,ドラッグストア","〒630-8001　奈良県奈良市法華寺町83番5号",630-8001,奈良市法華寺町83番5号,135.808319,34.687580
706,"デリカフェびぃぼ","飲食店","〒631-0805　奈良県奈良市右京１丁目３番地４サンタウンプラザすずらん館１階",631-0805,奈良市右京1丁目3番地4,135.789246,34.722092
707,"まちのカフェVIVO","飲食店","〒630-8113　奈良県奈良市法蓮町４３３番地１グローリー新大宮1階",630-8113,奈良市法蓮町433番地1,135.812469,34.690670
708,"msキッチン","飲食店","〒631-0078　奈良県奈良市富雄元町１－２２－１２タワー・ア・ラモード店舗B階３号室",631-0078,奈良市富雄元町1-22-12,135.736206,34.694443
709,"鹿の角スイーツ　つのや","飲食店","〒630-8246　奈良県奈良市油阪地方町10-1-1F",630-8246,奈良市油阪地方町10-1-1F,135.821579,34.682335
710,"パティシエール　アスター平城本店","飲食店百貨店,ショッピングモール,食品,飲料等","〒631-0011　奈良県奈良市押熊町521-2",631-0011,奈良市押熊町521-2,135.772034,34.719749
711,"家具の久丹吉","家具,鍵,寝具,装飾","〒631-0078　奈良県奈良市富雄元町2丁目6番48ライオンズプラザ富雄ビル",631-0078,奈良市富雄元町2丁目6番48,135.735580,34.692852
712,"ヴィラージュ川端","飲食店","〒631-0054　奈良県奈良市石木町368-1",631-0054,奈良市石木町368-1,135.758804,34.665138
713,"越後　学園前店","飲食店","〒631-0041　奈良県奈良市学園大和町2丁目230-1学園前ドリームマンション404",631-0041,奈良市学園大和町2丁目230-1,135.754089,34.684692
714,"越後　押熊店","飲食店","〒631-0011　奈良県奈良市押熊町1575-1",631-0011,奈良市押熊町1575-1,135.767883,34.719131
715,"ローソン奈良三条添川","コンビニエンスストア,日用品","〒630-8127　奈良県奈良市三条添川町2-35",630-8127,奈良市三条添川町2-35,135.812546,34.681553
716,"ローソン奈良柏木東店","コンビニエンスストア,日用品","〒630-8146　奈良県奈良市八条町396-1",630-8146,奈良市八条町396-1,135.801514,34.671116
717,"ファミリーマート奈良窪之庄南店","コンビニエンスストア,日用品","〒630-8431　奈良県奈良市窪之庄町８番地１",630-8431,奈良市窪之庄町8番地1,135.833771,34.634319
718,"ファミリーマート南京終町店","コンビニエンスストア,日用品","〒630-8141　奈良県奈良市南京終町1-180-4",630-8141,奈良市南京終町1-180-4,135.824295,34.670238
719,"toitoitoi 手作り雑貨お店","衣服,ベビー・子供用品,手芸用品,靴,身の回り品お土産物,玩具,雑貨","〒631-0805　奈良県奈良市右京1丁目3-4すずらん館",631-0805,奈良市右京1丁目3-4,135.789246,34.722092
720,"手作り雑貨のお店さぁくる","お土産物,玩具,雑貨","〒630-8244　奈良県奈良市三条町487小山ビル2階",630-8244,奈良市三条町487,135.822571,34.682156
721,"眼鏡市場　ミナーラ店","メガネ,時計,貴金属,コンタクトレンズ","〒630-8012　奈良県奈良市二条大路南1-3-1ミナーラ2階",630-8012,奈良市二条大路南1-3-1,135.802902,34.684502
722,"はるやま　奈良店","衣服,ベビー・子供用品,手芸用品,靴,身の回り品","〒630-8031　奈良県奈良市柏木町418-1",630-8031,奈良市柏木町418-1,135.798431,34.668804
723,"StEAK JiN","飲食店","〒631-0825　奈良県奈良市西大寺芝町1丁目2番地の1",631-0825,奈良市西大寺芝町1丁目2番地の1,135.780060,34.692795
724,"太郎助","飲食店","〒630-8357　奈良県奈良市杉ケ町14-1第一西田ビル101",630-8357,奈良市杉ケ町14-1,135.821106,34.677837
725,"中村自動車整備工場","自動車,バイク,タイヤ修理,車検","〒630-8142　奈良県奈良市肘塚町291-20",630-8142,奈良市肘塚町291-20,135.830048,34.668797
726,"（株）ダイエー　マルナカ富雄南店","百貨店,ショッピングモール,食品,飲料等","〒631-0054　奈良県奈良市石木町１００－１",631-0054,奈良市石木町100-1,135.760086,34.664989
727,"肉よし　学園前店","百貨店,ショッピングモール,食品,飲料等","〒631-0036　奈良県奈良市学園北1-9-1パラディ学園前B1F",631-0036,奈良市学園北1-9-1,135.750946,34.697975
728,"RUDY","飲食店","〒631-0827　奈良県奈良市西大寺小坊町3-6",631-0827,奈良市西大寺小坊町3-6,135.780289,34.694477
729,"街かど屋奈良大森店","飲食店","〒630-8131　奈良県奈良市大森町55-1",630-8131,奈良市大森町55-1,135.819977,34.676048
730,"迎賓館　富雄店","飲食店","〒631-0074　奈良県奈良市三松4丁目879-1",631-0074,奈良市三松4丁目879-1,135.730209,34.702591
731,"迎賓館　奈良店","飲食店","〒636-0311　奈良県奈良市南肘塚町220-1",636-0311,奈良市南肘塚町220-1,135.831970,34.667103
732,"刀祢米穀店","百貨店,ショッピングモール,食品,飲料等","〒630-8226　奈良県奈良市小西町16番地",630-8226,奈良市小西町16番地,135.827957,34.683456
733,"カウリ","お土産物,玩具,雑貨","〒630-8335　奈良県奈良市鳴川町１番地",630-8335,奈良市鳴川町1番地,135.829163,34.676430
734,"おしゃべりな亀","飲食店","〒630-8216　奈良県奈良市東向南町28-1",630-8216,奈良市東向南町28-1,135.828491,34.682625
735,"ジェームス奈良大安寺店","自動車,バイク,タイヤ修理,車検","〒630-8133　奈良県奈良市大安寺１丁目２４番８号",630-8133,奈良市大安寺1丁目24番8号,135.818802,34.667774
736,"喫茶黒猫","飲食店","〒630-8115　奈良県奈良市大宮町4丁目275-5森村第2ビル1F",630-8115,奈良市大宮町4丁目275-5,135.810242,34.683746
737,"なかのや","飲食店","〒631-0004　奈良県奈良市登美ケ丘3-12-12",631-0004,奈良市登美ケ丘3-12-12,135.745544,34.714588
738,"セブンイレブン奈良西大寺本町店","コンビニエンスストア,日用品","〒631-0816　奈良県奈良市西大寺本町４－２０",631-0816,奈良市西大寺本町4-20,135.780746,34.697052
739,"（株）オークワ尼ヶ辻店","百貨店,ショッピングモール,食品,飲料等","〒630-8014　奈良県奈良市四条大路4丁目1番44号",630-8014,奈良市四条大路4丁目1番44号,135.790573,34.680763
740,"サイクルベースあさひ　奈良店","自転車","〒630-8014　奈良県奈良市四条大路2丁目2-18",630-8014,奈良市四条大路2丁目2-18,135.800186,34.678997
741,"鮨・酒・肴　杉玉　大和西大寺","飲食店","〒631-0821　奈良県奈良市西大寺東町2丁目1番63号サンワシティ西大寺B1F",631-0821,奈良市西大寺東町2丁目1番63号,135.783539,34.694023
742,"井田商店","百貨店,ショッピングモール,食品,飲料等","〒630-2302　奈良県奈良市月ケ瀬尾山2885-1",630-2302,奈良市月ケ瀬尾山2885-1,136.047821,34.711258
743,"酒菜たろ吉","飲食店","〒630-8127　奈良県奈良市三条添川町3-36",630-8127,奈良市三条添川町3-36,135.811874,34.681625
744,"ザ・めしや平城京店","飲食店","〒630-8012　奈良県奈良市二条大路南2丁目１－２７",630-8012,奈良市二条大路南2丁目1-27,135.797028,34.684422
745,"寿司・割烹　甚八","飲食店","〒630-8014　奈良県奈良市四条大路5-6-29",630-8014,奈良市四条大路5-6-29,135.787827,34.678707
746,"ほっかほっか亭　大和西大寺駅前店","その他","〒631-0827　奈良県奈良市西大寺小坊町1‐6",631-0827,奈良市西大寺小坊町1‐6,135.781097,34.694031
747,"串屋　西大寺店","飲食店","〒631-0821　奈良県奈良市西大寺東町1-4-8-102",631-0821,奈良市西大寺東町1-4-8-102,135.784973,34.696079
748,"ほっかほっか亭　奈良教育大前店","飲食店","〒630-8301　奈良県奈良市高畑町276－1",630-8301,奈良市高畑町276-1,135.841034,34.672119
749,"イズミヤ学園前店","その他","〒631-0035　奈良県奈良市学園中4丁目539番地1",631-0035,奈良市学園中4丁目539番地1,135.742493,34.695408
750,"イズミヤ学園前店内　ダイリキ","その他","〒631-0035　奈良県奈良市学園中4丁目539番地1",631-0035,奈良市学園中4丁目539番地1,135.742493,34.695408
751,"イズミヤ学園前店内　ココカラファイン+イズミヤ","薬,化粧品,調剤薬局,ドラッグストア","〒631-0035　奈良県奈良市学園中4丁目539番地1",631-0035,奈良市学園中4丁目539番地1,135.742493,34.695408
752,"イズミヤ学園前店内　喫茶つかさ","その他","〒631-0035　奈良県奈良市学園中4丁目539番地1",631-0035,奈良市学園中4丁目539番地1,135.742493,34.695408
753,"イズミヤ学園前店内　クリーニングルビー","クリーニング","〒631-0035　奈良県奈良市学園中4丁目539番地1",631-0035,奈良市学園中4丁目539番地1,135.742493,34.695408
754,"イズミヤ学園前店内　スマートカラーKirei","その他","〒631-0035　奈良県奈良市学園中4丁目539番地1",631-0035,奈良市学園中4丁目539番地1,135.742493,34.695408
755,"イズミヤ学園前店内　ママのリフォーム","その他","〒631-0035　奈良県奈良市学園中4丁目539番地1",631-0035,奈良市学園中4丁目539番地1,135.742493,34.695408
756,"花惣　奈良本店","飲食店","〒630-8012　奈良県奈良市二条大路南4-2-1",630-8012,奈良市二条大路南4-2-1,135.791428,34.684525
757,"コメダ珈琲店奈良二条大路店","飲食店","〒630-8012　奈良県奈良市二条大路南4-2-1",630-8012,奈良市二条大路南4-2-1,135.791428,34.684525
758,"イズミヤ学園前店内　ティラ","その他","〒631-0035　奈良県奈良市学園中4丁目539番地1",631-0035,奈良市学園中4丁目539番地1,135.742493,34.695408
759,"コメダ珈琲店奈良中町店","飲食店","〒631-0052　奈良県奈良市中町2595-2",631-0052,奈良市中町2595-2,135.741150,34.678993
760,"ほっかほっか亭　富雄駅前店","その他","〒631-0078　奈良県奈良市富雄元町2‐4‐5木村マンション1F",631-0078,奈良市富雄元町2‐4‐5,135.735046,34.693356
761,"ラ・ムー奈良二名店","百貨店,ショッピングモール,食品,飲料等","〒631-0072　奈良県奈良市二名3丁目1070番地",631-0072,奈良市二名3丁目1070番地,135.729523,34.705875
762,"REGAL SHOES 奈良店","衣服,ベビー・子供用品,手芸用品,靴,身の回り品","〒630-8236　奈良県奈良市下三条町１－１ＮＴＴ奈良支店三条ビル１Ｆ",630-8236,奈良市下三条町1-1,135.824265,34.681480
763,"イズミヤ学園前店内　シーズ","その他","〒631-0035　奈良県奈良市学園中4丁目539番地1",631-0035,奈良市学園中4丁目539番地1,135.742493,34.695408
764,"ラ・ムー京終店","百貨店,ショッピングモール,食品,飲料等","〒630-8141　奈良県奈良市南京終町710番地の1",630-8141,奈良市南京終町710番地の1,135.820038,34.664349
765,"イズミヤ学園前店内　セリア","その他","〒631-0035　奈良県奈良市学園中4丁目539番地1",631-0035,奈良市学園中4丁目539番地1,135.742493,34.695408
766,"フレンチレストラン　パザパ","飲食店","〒631-0805　奈良県奈良市右京4丁目13番地の6",631-0805,奈良市右京4丁目13番地の6,135.787903,34.721245
767,"サンドラッグ　奈良店","薬,化粧品,調剤薬局,ドラッグストア","〒630-8224　奈良県奈良市角振町26いせやビル1F",630-8224,奈良市角振町26,135.827164,34.682289
768,"サンドラッグ　奈良東向店","薬,化粧品,調剤薬局,ドラッグストア","〒630-8215　奈良県奈良市東向中町8",630-8215,奈良市東向中町8,135.828918,34.683792
769,"旬彩坐立山","飲食店","〒630-8228　奈良県奈良市上三条町12-1三条ミドービル2階",630-8228,奈良市上三条町12-1,135.825638,34.681725
770,"日本料理　ひとしずく","飲食店","〒630-8301　奈良県奈良市高畑町1098-1KOTOMATIビル1039",630-8301,奈良市高畑町1098-1,135.832901,34.678116
771,"東京靴流通センター奈良バイパス店","衣服,ベビー・子供用品,手芸用品,靴,身の回り品","〒630-8453　奈良県奈良市西九条町3-10-7",630-8453,奈良市西九条町3-10-7,135.798904,34.657768
772,"SAKANAYA","飲食店","〒630-8434　奈良県奈良市山町180-2",630-8434,奈良市山町180-2,135.848389,34.641373
773,"焼き鳥一番一条通店","飲食店","〒630-8113　奈良県奈良市法蓮町424番地岡専ビル",630-8113,奈良市法蓮町424番地,135.812469,34.690670
774,"東大寺前　鹿屋","お土産物,玩具,雑貨","〒630-8212　奈良県奈良市春日野町23",630-8212,奈良市春日野町23,135.839111,34.684177
775,"COME TOGETHER","衣服,ベビー・子供用品,手芸用品,靴,身の回り品","〒631-0011　奈良県奈良市押熊町2201-1",631-0011,奈良市押熊町2201-1,135.765869,34.718105
776,"ジャパンブックスあやめ池店","本,文具CD・DVDレンタル,ゲーム販売","〒631-0033　奈良県奈良市あやめ池南1丁目3-11",631-0033,奈良市あやめ池南1丁目3-11,135.761169,34.697212
777,"ディスカウントストア プライスカット　永井店（株式会社オークワ）","百貨店,ショッピングモール,食品,飲料等","〒630-8443　奈良県奈良市南永井町400",630-8443,奈良市南永井町400,135.819565,34.654472
778,"立ち飲み　楽楽","飲食店","〒631-0076　奈良県奈良市富雄北1-2-2",631-0076,奈良市富雄北1-2-2,135.735016,34.694588
779,"御料理　吉座傳右衛門","飲食店","〒630-8231　奈良県奈良市本子守町5-1",630-8231,奈良市本子守町5-1,135.826248,34.681248
780,"㈱イオカビューティーショップ奈良店","理美容,エステサロン","〒630-8226　奈良県奈良市小西町１５中山ビル１階",630-8226,奈良市小西町15,135.827957,34.683456
781,"㈱オクダ商店","その他","〒630-2301　奈良県奈良市月ケ瀬石打2416",630-2301,奈良市月ケ瀬石打2416,136.057312,34.723244
782,"海鮮回転寿司　さんきゅう　柏木店","飲食店","〒630-8134　奈良県奈良市大安寺町503-1",630-8134,奈良市大安寺町503-1,135.801163,34.673744
783,"ディスカウントドラッグコスモス秋篠店","薬,化粧品,調剤薬局,ドラッグストア","〒631-0811　奈良県奈良市秋篠町１３４８－１",631-0811,奈良市秋篠町1348-1,135.773499,34.710487
